action_type,action_name,freq_tier,sector_code,sector_name,window,benchmark,n_days,n_events,mean_car,median_car,sd,t_stat,p_value,p_fdr,sig_fdr,ci_lo,ci_hi,p_expected,flag_expected,frac_crowded_days,market_response_frac,note
A1,外事·会见会谈,高频,sh000001,上证综指,"[+1,+20]",市场模型,502,3962,-0.00101,-0.00151,0.01540,-1.473,0.1413,0.5251,,-0.00232,0.00035,0.1552,,0.116,0.001,
A1,外事·会见会谈,高频,sh000001,上证综指,"[+1,+20]",指数调整,502,3962,-0.00028,0.00042,0.01486,-0.428,0.6692,0.8365,,-0.00156,0.00105,0.1552,,0.116,0.001,
A1,外事·会见会谈,高频,sh000001,上证综指,"[-1,+1]",市场模型,502,3962,-0.00005,0.00009,0.00536,-0.206,0.8370,0.9333,,-0.00053,0.00043,0.1552,,0.116,0.001,
A1,外事·会见会谈,高频,sh000001,上证综指,"[-1,+1]",指数调整,502,3962,0.00009,0.00031,0.00618,0.338,0.7356,0.8711,,-0.00046,0.00064,0.1552,,0.116,0.001,
A1,外事·会见会谈,高频,sh000001,上证综指,"[-5,+5]",市场模型,502,3962,-0.00067,-0.00034,0.01106,-1.354,0.1764,0.5866,,-0.00164,0.00030,0.1552,,0.116,0.001,
A1,外事·会见会谈,高频,sh000001,上证综指,"[-5,+5]",指数调整,502,3962,-0.00023,0.00036,0.01141,-0.459,0.6463,0.8252,,-0.00122,0.00076,0.1552,,0.116,0.001,
A1,外事·会见会谈,高频,sh000032,上证能源,"[+1,+20]",市场模型,502,3962,-0.00902,-0.00317,0.06898,-2.930,0.0035,0.0902,,-0.01508,-0.00304,0.0613,疑似已预期,0.116,0.001,
A1,外事·会见会谈,高频,sh000032,上证能源,"[+1,+20]",指数调整,502,3962,-0.01040,-0.01162,0.07466,-3.120,0.0019,0.0084,**,-0.01705,-0.00378,0.0613,疑似已预期,0.116,0.001,
A1,外事·会见会谈,高频,sh000032,上证能源,"[-1,+1]",市场模型,502,3962,-0.00172,-0.00124,0.02481,-1.553,0.1211,0.4972,,-0.00386,0.00047,0.0613,疑似已预期,0.116,0.001,
A1,外事·会见会谈,高频,sh000032,上证能源,"[-1,+1]",指数调整,502,3962,-0.00167,-0.00198,0.02864,-1.308,0.1915,0.3797,,-0.00424,0.00085,0.0613,疑似已预期,0.116,0.001,
A1,外事·会见会谈,高频,sh000032,上证能源,"[-5,+5]",市场模型,502,3962,-0.00535,-0.00609,0.04980,-2.407,0.0165,0.1783,,-0.00961,-0.00109,0.0613,疑似已预期,0.116,0.001,
A1,外事·会见会谈,高频,sh000032,上证能源,"[-5,+5]",指数调整,502,3962,-0.00606,-0.00500,0.05538,-2.451,0.0146,0.0488,*,-0.01100,-0.00125,0.0613,疑似已预期,0.116,0.001,
A1,外事·会见会谈,高频,sh000033,上证材料,"[+1,+20]",市场模型,502,3962,-0.00781,-0.00391,0.06052,-2.891,0.0040,0.0977,,-0.01313,-0.00252,0.3220,,0.116,0.001,
A1,外事·会见会谈,高频,sh000033,上证材料,"[+1,+20]",指数调整,502,3962,0.00275,0.00048,0.05106,1.206,0.2285,0.4231,,-0.00168,0.00720,0.3220,,0.116,0.001,
A1,外事·会见会谈,高频,sh000033,上证材料,"[-1,+1]",市场模型,502,3962,-0.00123,-0.00077,0.02155,-1.276,0.2025,0.5894,,-0.00309,0.00058,0.3220,,0.116,0.001,
A1,外事·会见会谈,高频,sh000033,上证材料,"[-1,+1]",指数调整,502,3962,0.00018,-0.00006,0.02087,0.192,0.8476,0.9361,,-0.00160,0.00203,0.3220,,0.116,0.001,
A1,外事·会见会谈,高频,sh000033,上证材料,"[-5,+5]",市场模型,502,3962,-0.00365,-0.00109,0.04284,-1.909,0.0568,0.3732,,-0.00743,0.00002,0.3220,,0.116,0.001,
A1,外事·会见会谈,高频,sh000033,上证材料,"[-5,+5]",指数调整,502,3962,0.00201,0.00069,0.03914,1.152,0.2499,0.4485,,-0.00140,0.00531,0.3220,,0.116,0.001,
A1,外事·会见会谈,高频,sh000034,上证工业,"[+1,+20]",市场模型,502,3962,-0.00418,0.00149,0.03716,-2.518,0.0121,0.1508,,-0.00745,-0.00096,0.0000,疑似已预期,0.116,0.001,
A1,外事·会见会谈,高频,sh000034,上证工业,"[+1,+20]",指数调整,502,3962,-0.01010,-0.00752,0.03378,-6.699,0.0000,0.0000,***,-0.01305,-0.00722,0.0000,疑似已预期,0.116,0.001,
A1,外事·会见会谈,高频,sh000034,上证工业,"[-1,+1]",市场模型,502,3962,-0.00039,-0.00143,0.01250,-0.694,0.4878,0.7744,,-0.00147,0.00071,0.0000,疑似已预期,0.116,0.001,
A1,外事·会见会谈,高频,sh000034,上证工业,"[-1,+1]",指数调整,502,3962,-0.00121,-0.00242,0.01267,-2.145,0.0324,0.0943,,-0.00234,-0.00010,0.0000,疑似已预期,0.116,0.001,
A1,外事·会见会谈,高频,sh000034,上证工业,"[-5,+5]",市场模型,502,3962,-0.00265,-0.00226,0.02604,-2.280,0.0230,0.2159,,-0.00495,-0.00048,0.0000,疑似已预期,0.116,0.001,
A1,外事·会见会谈,高频,sh000034,上证工业,"[-5,+5]",指数调整,502,3962,-0.00578,-0.00708,0.02465,-5.249,0.0000,0.0000,***,-0.00788,-0.00356,0.0000,疑似已预期,0.116,0.001,
A1,外事·会见会谈,高频,sh000035,上证金融,"[+1,+20]",市场模型,502,3962,-0.00837,-0.01536,0.04057,-4.622,0.0000,0.0010,**,-0.01185,-0.00477,0.0000,疑似已预期,0.116,0.001,
A1,外事·会见会谈,高频,sh000035,上证金融,"[+1,+20]",指数调整,502,3962,-0.01578,-0.01405,0.03817,-9.262,0.0000,0.0000,***,-0.01902,-0.01253,0.0000,疑似已预期,0.116,0.001,
A1,外事·会见会谈,高频,sh000035,上证金融,"[-1,+1]",市场模型,502,3962,-0.00074,-0.00135,0.01557,-1.065,0.2872,0.6661,,-0.00211,0.00063,0.0000,疑似已预期,0.116,0.001,
A1,外事·会见会谈,高频,sh000035,上证金融,"[-1,+1]",指数调整,502,3962,-0.00173,-0.00211,0.01576,-2.455,0.0144,0.0485,*,-0.00310,-0.00039,0.0000,疑似已预期,0.116,0.001,
A1,外事·会见会谈,高频,sh000035,上证金融,"[-5,+5]",市场模型,502,3962,-0.00408,-0.00567,0.02966,-3.085,0.0021,0.0677,,-0.00664,-0.00145,0.0000,疑似已预期,0.116,0.001,
A1,外事·会见会谈,高频,sh000035,上证金融,"[-5,+5]",指数调整,502,3962,-0.00803,-0.00576,0.02832,-6.355,0.0000,0.0000,***,-0.01057,-0.00547,0.0000,疑似已预期,0.116,0.001,
A1,外事·会见会谈,高频,sh000036,上证消费,"[+1,+20]",市场模型,502,3962,-0.00239,-0.00841,0.04622,-1.160,0.2466,0.6113,,-0.00654,0.00178,0.0000,疑似已预期,0.116,0.001,
A1,外事·会见会谈,高频,sh000036,上证消费,"[+1,+20]",指数调整,502,3962,-0.01847,-0.02449,0.04804,-8.615,0.0000,0.0000,***,-0.02266,-0.01423,0.0000,疑似已预期,0.116,0.001,
A1,外事·会见会谈,高频,sh000036,上证消费,"[-1,+1]",市场模型,502,3962,-0.00026,-0.00225,0.01710,-0.334,0.7384,0.8802,,-0.00174,0.00127,0.0000,疑似已预期,0.116,0.001,
A1,外事·会见会谈,高频,sh000036,上证消费,"[-1,+1]",指数调整,502,3962,-0.00227,-0.00374,0.01916,-2.658,0.0081,0.0301,*,-0.00391,-0.00053,0.0000,疑似已预期,0.116,0.001,
A1,外事·会见会谈,高频,sh000036,上证消费,"[-5,+5]",市场模型,502,3962,-0.00146,-0.00478,0.03269,-0.998,0.3190,0.6812,,-0.00427,0.00148,0.0000,疑似已预期,0.116,0.001,
A1,外事·会见会谈,高频,sh000036,上证消费,"[-5,+5]",指数调整,502,3962,-0.00983,-0.01381,0.03580,-6.151,0.0000,0.0000,***,-0.01293,-0.00663,0.0000,疑似已预期,0.116,0.001,
A1,外事·会见会谈,高频,sh000037,上证医药,"[+1,+20]",市场模型,502,3962,0.00667,-0.00017,0.05504,2.716,0.0068,0.1126,,0.00206,0.01165,0.0528,疑似已预期,0.116,0.001,
A1,外事·会见会谈,高频,sh000037,上证医药,"[+1,+20]",指数调整,502,3962,-0.00521,-0.00701,0.05259,-2.222,0.0268,0.0799,,-0.00975,-0.00046,0.0528,疑似已预期,0.116,0.001,
A1,外事·会见会谈,高频,sh000037,上证医药,"[-1,+1]",市场模型,502,3962,0.00109,-0.00032,0.01887,1.296,0.1956,0.5894,,-0.00049,0.00279,0.0528,疑似已预期,0.116,0.001,
A1,外事·会见会谈,高频,sh000037,上证医药,"[-1,+1]",指数调整,502,3962,-0.00056,-0.00175,0.01911,-0.652,0.5147,0.7452,,-0.00224,0.00109,0.0528,疑似已预期,0.116,0.001,
A1,外事·会见会谈,高频,sh000037,上证医药,"[-5,+5]",市场模型,502,3962,0.00306,0.00120,0.03816,1.796,0.0732,0.4044,,-0.00026,0.00639,0.0528,疑似已预期,0.116,0.001,
A1,外事·会见会谈,高频,sh000037,上证医药,"[-5,+5]",指数调整,502,3962,-0.00341,-0.00633,0.03739,-2.041,0.0417,0.1179,,-0.00662,-0.00014,0.0528,疑似已预期,0.116,0.001,
A1,外事·会见会谈,高频,sh000038,上证信息,"[+1,+20]",市场模型,502,3962,-0.00019,0.00170,0.04122,-0.102,0.9192,0.9748,,-0.00386,0.00346,0.9000,,0.116,0.001,
A1,外事·会见会谈,高频,sh000038,上证信息,"[+1,+20]",指数调整,502,3962,-0.00034,0.00813,0.04366,-0.176,0.8607,0.9464,,-0.00416,0.00357,0.9000,,0.116,0.001,
A1,外事·会见会谈,高频,sh000038,上证信息,"[-1,+1]",市场模型,502,3962,0.00054,0.00066,0.01458,0.830,0.4071,0.7442,,-0.00075,0.00179,0.9000,,0.116,0.001,
A1,外事·会见会谈,高频,sh000038,上证信息,"[-1,+1]",指数调整,502,3962,0.00070,0.00146,0.01753,0.891,0.3734,0.6067,,-0.00082,0.00221,0.9000,,0.116,0.001,
A1,外事·会见会谈,高频,sh000038,上证信息,"[-5,+5]",市场模型,502,3962,0.00068,-0.00000,0.03033,0.505,0.6140,0.8334,,-0.00203,0.00328,0.9000,,0.116,0.001,
A1,外事·会见会谈,高频,sh000038,上证信息,"[-5,+5]",指数调整,502,3962,0.00080,0.00335,0.03271,0.549,0.5830,0.7988,,-0.00210,0.00371,0.9000,,0.116,0.001,
A1,外事·会见会谈,高频,sz399808,中证新能,"[+1,+20]",市场模型,502,3962,-0.00357,0.00176,0.06214,-1.287,0.1986,0.5894,,-0.00883,0.00185,0.1171,,0.116,0.001,
A1,外事·会见会谈,高频,sz399808,中证新能,"[+1,+20]",指数调整,502,3962,-0.00389,-0.00057,0.06193,-1.407,0.1600,0.3343,,-0.00912,0.00163,0.1171,,0.116,0.001,
A1,外事·会见会谈,高频,sz399808,中证新能,"[-1,+1]",市场模型,502,3962,-0.00046,-0.00098,0.02205,-0.464,0.6426,0.8426,,-0.00240,0.00141,0.1171,,0.116,0.001,
A1,外事·会见会谈,高频,sz399808,中证新能,"[-1,+1]",指数调整,502,3962,-0.00073,-0.00131,0.02280,-0.715,0.4752,0.7108,,-0.00276,0.00128,0.1171,,0.116,0.001,
A1,外事·会见会谈,高频,sz399808,中证新能,"[-5,+5]",市场模型,502,3962,-0.00251,-0.00245,0.04473,-1.257,0.2094,0.5894,,-0.00628,0.00151,0.1171,,0.116,0.001,
A1,外事·会见会谈,高频,sz399808,中证新能,"[-5,+5]",指数调整,502,3962,-0.00333,-0.00230,0.04388,-1.698,0.0901,0.2156,,-0.00720,0.00049,0.1171,,0.116,0.001,
A1,外事·会见会谈,高频,sz399967,中证军工,"[+1,+20]",市场模型,502,3962,-0.00104,-0.00038,0.06866,-0.340,0.7340,0.8799,,-0.00709,0.00490,0.0854,疑似已预期,0.116,0.001,
A1,外事·会见会谈,高频,sz399967,中证军工,"[+1,+20]",指数调整,502,3962,-0.00003,0.00353,0.06096,-0.013,0.9900,0.9962,,-0.00526,0.00516,0.0854,疑似已预期,0.116,0.001,
A1,外事·会见会谈,高频,sz399967,中证军工,"[-1,+1]",市场模型,502,3962,0.00040,-0.00055,0.02461,0.362,0.7172,0.8718,,-0.00174,0.00252,0.0854,疑似已预期,0.116,0.001,
A1,外事·会见会谈,高频,sz399967,中证军工,"[-1,+1]",指数调整,502,3962,0.00055,-0.00105,0.02384,0.519,0.6041,0.8105,,-0.00145,0.00266,0.0854,疑似已预期,0.116,0.001,
A1,外事·会见会谈,高频,sz399967,中证军工,"[-5,+5]",市场模型,502,3962,-0.00103,-0.00009,0.05043,-0.457,0.6481,0.8444,,-0.00534,0.00348,0.0854,疑似已预期,0.116,0.001,
A1,外事·会见会谈,高频,sz399967,中证军工,"[-5,+5]",指数调整,502,3962,-0.00016,0.00090,0.04615,-0.078,0.9376,0.9777,,-0.00403,0.00391,0.0854,疑似已预期,0.116,0.001,
A1,外事·会见会谈,高频,sz399975,中证证券,"[+1,+20]",市场模型,502,3962,0.00244,-0.00280,0.05247,1.040,0.2988,0.6749,,-0.00208,0.00712,0.5572,,0.116,0.001,
A1,外事·会见会谈,高频,sz399975,中证证券,"[+1,+20]",指数调整,502,3962,-0.00050,-0.00747,0.05135,-0.219,0.8269,0.9268,,-0.00492,0.00414,0.5572,,0.116,0.001,
A1,外事·会见会谈,高频,sz399975,中证证券,"[-1,+1]",市场模型,502,3962,0.00134,-0.00114,0.01713,1.747,0.0813,0.4124,,-0.00016,0.00280,0.5572,,0.116,0.001,
A1,外事·会见会谈,高频,sz399975,中证证券,"[-1,+1]",指数调整,502,3962,0.00093,-0.00125,0.01854,1.118,0.2641,0.4653,,-0.00066,0.00254,0.5572,,0.116,0.001,
A1,外事·会见会谈,高频,sz399975,中证证券,"[-5,+5]",市场模型,502,3962,0.00285,-0.00204,0.03483,1.831,0.0677,0.3986,,-0.00008,0.00588,0.5572,,0.116,0.001,
A1,外事·会见会谈,高频,sz399975,中证证券,"[-5,+5]",指数调整,502,3962,0.00101,-0.00506,0.03587,0.630,0.5291,0.7531,,-0.00213,0.00419,0.5572,,0.116,0.001,
A1,外事·会见会谈,高频,sz399986,中证银行,"[+1,+20]",市场模型,502,3962,-0.00168,0.00201,0.04460,-0.843,0.3995,0.7396,,-0.00559,0.00224,0.8964,,0.116,0.001,
A1,外事·会见会谈,高频,sz399986,中证银行,"[+1,+20]",指数调整,502,3962,-0.00148,0.00648,0.05515,-0.599,0.5492,0.7705,,-0.00619,0.00336,0.8964,,0.116,0.001,
A1,外事·会见会谈,高频,sz399986,中证银行,"[-1,+1]",市场模型,502,3962,0.00001,-0.00024,0.01756,0.016,0.9870,0.9923,,-0.00153,0.00156,0.8964,,0.116,0.001,
A1,外事·会见会谈,高频,sz399986,中证银行,"[-1,+1]",指数调整,502,3962,0.00029,0.00081,0.02337,0.276,0.7830,0.8982,,-0.00174,0.00237,0.8964,,0.116,0.001,
A1,外事·会见会谈,高频,sz399986,中证银行,"[-5,+5]",市场模型,502,3962,-0.00073,0.00198,0.03605,-0.453,0.6506,0.8458,,-0.00379,0.00245,0.8964,,0.116,0.001,
A1,外事·会见会谈,高频,sz399986,中证银行,"[-5,+5]",指数调整,502,3962,-0.00032,0.00337,0.04194,-0.169,0.8657,0.9489,,-0.00399,0.00344,0.8964,,0.116,0.001,
A1,外事·会见会谈,高频,sz399997,中证白酒,"[+1,+20]",市场模型,502,3962,-0.00369,-0.01366,0.05975,-1.385,0.1666,0.5701,,-0.00892,0.00141,0.0000,疑似已预期,0.116,0.001,
A1,外事·会见会谈,高频,sz399997,中证白酒,"[+1,+20]",指数调整,502,3962,-0.03215,-0.03684,0.06087,-11.834,0.0000,0.0000,***,-0.03738,-0.02682,0.0000,疑似已预期,0.116,0.001,
A1,外事·会见会谈,高频,sz399997,中证白酒,"[-1,+1]",市场模型,502,3962,-0.00046,-0.00382,0.02229,-0.466,0.6411,0.8426,,-0.00242,0.00152,0.0000,疑似已预期,0.116,0.001,
A1,外事·会见会谈,高频,sz399997,中证白酒,"[-1,+1]",指数调整,502,3962,-0.00422,-0.00685,0.02440,-3.879,0.0001,0.0006,***,-0.00634,-0.00205,0.0000,疑似已预期,0.116,0.001,
A1,外事·会见会谈,高频,sz399997,中证白酒,"[-5,+5]",市场模型,502,3962,-0.00215,-0.00471,0.04103,-1.175,0.2405,0.6113,,-0.00572,0.00139,0.0000,疑似已预期,0.116,0.001,
A1,外事·会见会谈,高频,sz399997,中证白酒,"[-5,+5]",指数调整,502,3962,-0.01707,-0.01998,0.04398,-8.694,0.0000,0.0000,***,-0.02089,-0.01315,0.0000,疑似已预期,0.116,0.001,
A10,经贸·签署,中频,sh000001,上证综指,"[+1,+20]",市场模型,218,331,0.00007,-0.00037,0.01563,0.064,0.9492,0.9821,,-0.00200,0.00212,0.3544,,0.142,0.000,
A10,经贸·签署,中频,sh000001,上证综指,"[+1,+20]",指数调整,218,331,0.00100,0.00250,0.01499,0.988,0.3242,0.5497,,-0.00106,0.00295,0.3544,,0.142,0.000,
A10,经贸·签署,中频,sh000001,上证综指,"[-1,+1]",市场模型,218,331,0.00044,0.00056,0.00503,1.286,0.1997,0.5894,,-0.00023,0.00113,0.3544,,0.142,0.000,
A10,经贸·签署,中频,sh000001,上证综指,"[-1,+1]",指数调整,218,331,0.00043,0.00105,0.00636,1.003,0.3170,0.5419,,-0.00040,0.00124,0.3544,,0.142,0.000,
A10,经贸·签署,中频,sh000001,上证综指,"[-5,+5]",市场模型,218,331,-0.00017,-0.00017,0.01117,-0.226,0.8214,0.9251,,-0.00163,0.00131,0.3544,,0.142,0.000,
A10,经贸·签署,中频,sh000001,上证综指,"[-5,+5]",指数调整,218,331,0.00056,0.00131,0.01103,0.755,0.4510,0.6852,,-0.00093,0.00198,0.3544,,0.142,0.000,
A10,经贸·签署,中频,sh000032,上证能源,"[+1,+20]",市场模型,218,331,-0.00108,0.00429,0.07145,-0.223,0.8238,0.9251,,-0.01044,0.00853,0.0322,疑似已预期,0.142,0.000,
A10,经贸·签署,中频,sh000032,上证能源,"[+1,+20]",指数调整,218,331,0.00048,-0.00473,0.07574,0.094,0.9248,0.9748,,-0.00926,0.01072,0.0322,疑似已预期,0.142,0.000,
A10,经贸·签署,中频,sh000032,上证能源,"[-1,+1]",市场模型,218,331,-0.00210,-0.00089,0.02475,-1.255,0.2109,0.5894,,-0.00543,0.00118,0.0322,疑似已预期,0.142,0.000,
A10,经贸·签署,中频,sh000032,上证能源,"[-1,+1]",指数调整,218,331,-0.00264,-0.00166,0.02884,-1.353,0.1775,0.3574,,-0.00645,0.00110,0.0322,疑似已预期,0.142,0.000,
A10,经贸·签署,中频,sh000032,上证能源,"[-5,+5]",市场模型,218,331,-0.00642,-0.00705,0.05081,-1.865,0.0636,0.3867,,-0.01307,0.00023,0.0322,疑似已预期,0.142,0.000,
A10,经贸·签署,中频,sh000032,上证能源,"[-5,+5]",指数调整,218,331,-0.00475,-0.00342,0.05554,-1.264,0.2077,0.4018,,-0.01214,0.00260,0.0322,疑似已预期,0.142,0.000,
A10,经贸·签署,中频,sh000033,上证材料,"[+1,+20]",市场模型,218,331,-0.00436,-0.00261,0.06154,-1.046,0.2969,0.6749,,-0.01262,0.00369,0.2118,,0.142,0.000,
A10,经贸·签署,中频,sh000033,上证材料,"[+1,+20]",指数调整,218,331,0.00650,0.00315,0.05299,1.811,0.0716,0.1820,,-0.00051,0.01364,0.2118,,0.142,0.000,
A10,经贸·签署,中频,sh000033,上证材料,"[-1,+1]",市场模型,218,331,-0.00058,-0.00016,0.02348,-0.367,0.7143,0.8718,,-0.00373,0.00246,0.2118,,0.142,0.000,
A10,经贸·签署,中频,sh000033,上证材料,"[-1,+1]",指数调整,218,331,0.00170,0.00055,0.02269,1.106,0.2698,0.4725,,-0.00133,0.00478,0.2118,,0.142,0.000,
A10,经贸·签署,中频,sh000033,上证材料,"[-5,+5]",市场模型,218,331,-0.00274,0.00182,0.04446,-0.909,0.3646,0.7098,,-0.00853,0.00314,0.2118,,0.142,0.000,
A10,经贸·签署,中频,sh000033,上证材料,"[-5,+5]",指数调整,218,331,0.00288,0.00069,0.04235,1.005,0.3159,0.5419,,-0.00259,0.00839,0.2118,,0.142,0.000,
A10,经贸·签署,中频,sh000034,上证工业,"[+1,+20]",市场模型,218,331,-0.00251,0.00151,0.03704,-0.999,0.3191,0.6812,,-0.00753,0.00230,0.0576,疑似已预期,0.142,0.000,
A10,经贸·签署,中频,sh000034,上证工业,"[+1,+20]",指数调整,218,331,-0.00841,-0.00619,0.03405,-3.649,0.0003,0.0017,**,-0.01296,-0.00395,0.0576,疑似已预期,0.142,0.000,
A10,经贸·签署,中频,sh000034,上证工业,"[-1,+1]",市场模型,218,331,-0.00004,-0.00083,0.01282,-0.040,0.9678,0.9923,,-0.00176,0.00167,0.0576,疑似已预期,0.142,0.000,
A10,经贸·签署,中频,sh000034,上证工业,"[-1,+1]",指数调整,218,331,-0.00104,-0.00190,0.01279,-1.199,0.2320,0.4268,,-0.00272,0.00064,0.0576,疑似已预期,0.142,0.000,
A10,经贸·签署,中频,sh000034,上证工业,"[-5,+5]",市场模型,218,331,-0.00051,-0.00071,0.02403,-0.312,0.7553,0.8926,,-0.00371,0.00272,0.0576,疑似已预期,0.142,0.000,
A10,经贸·签署,中频,sh000034,上证工业,"[-5,+5]",指数调整,218,331,-0.00367,-0.00331,0.02270,-2.388,0.0178,0.0568,,-0.00668,-0.00079,0.0576,疑似已预期,0.142,0.000,
A10,经贸·签署,中频,sh000035,上证金融,"[+1,+20]",市场模型,218,331,-0.01041,-0.01435,0.03972,-3.869,0.0001,0.0077,**,-0.01553,-0.00502,0.0002,疑似已预期,0.142,0.000,
A10,经贸·签署,中频,sh000035,上证金融,"[+1,+20]",指数调整,218,331,-0.01774,-0.01757,0.03585,-7.308,0.0000,0.0000,***,-0.02239,-0.01298,0.0002,疑似已预期,0.142,0.000,
A10,经贸·签署,中频,sh000035,上证金融,"[-1,+1]",市场模型,218,331,-0.00086,-0.00037,0.01665,-0.764,0.4458,0.7619,,-0.00304,0.00136,0.0002,疑似已预期,0.142,0.000,
A10,经贸·签署,中频,sh000035,上证金融,"[-1,+1]",指数调整,218,331,-0.00220,-0.00128,0.01687,-1.924,0.0556,0.1513,,-0.00450,0.00002,0.0002,疑似已预期,0.142,0.000,
A10,经贸·签署,中频,sh000035,上证金融,"[-5,+5]",市场模型,218,331,-0.00407,-0.00664,0.02974,-2.022,0.0444,0.3149,,-0.00807,-0.00030,0.0002,疑似已预期,0.142,0.000,
A10,经贸·签署,中频,sh000035,上证金融,"[-5,+5]",指数调整,218,331,-0.00841,-0.00792,0.02783,-4.460,0.0000,0.0001,***,-0.01212,-0.00485,0.0002,疑似已预期,0.142,0.000,
A10,经贸·签署,中频,sh000036,上证消费,"[+1,+20]",市场模型,218,331,-0.00164,-0.00866,0.04768,-0.507,0.6130,0.8334,,-0.00799,0.00468,0.0006,疑似已预期,0.142,0.000,
A10,经贸·签署,中频,sh000036,上证消费,"[+1,+20]",指数调整,218,331,-0.01819,-0.02473,0.04966,-5.407,0.0000,0.0000,***,-0.02474,-0.01134,0.0006,疑似已预期,0.142,0.000,
A10,经贸·签署,中频,sh000036,上证消费,"[-1,+1]",市场模型,218,331,-0.00064,-0.00281,0.01787,-0.525,0.5998,0.8295,,-0.00300,0.00183,0.0006,疑似已预期,0.142,0.000,
A10,经贸·签署,中频,sh000036,上证消费,"[-1,+1]",指数调整,218,331,-0.00327,-0.00412,0.01980,-2.439,0.0156,0.0505,,-0.00594,-0.00056,0.0006,疑似已预期,0.142,0.000,
A10,经贸·签署,中频,sh000036,上证消费,"[-5,+5]",市场模型,218,331,-0.00018,-0.00570,0.03409,-0.076,0.9395,0.9821,,-0.00479,0.00445,0.0006,疑似已预期,0.142,0.000,
A10,经贸·签署,中频,sh000036,上证消费,"[-5,+5]",指数调整,218,331,-0.00895,-0.01431,0.03731,-3.542,0.0005,0.0024,**,-0.01392,-0.00393,0.0006,疑似已预期,0.142,0.000,
A10,经贸·签署,中频,sh000037,上证医药,"[+1,+20]",市场模型,218,331,0.00482,-0.00021,0.05664,1.257,0.2102,0.5894,,-0.00265,0.01248,0.4943,,0.142,0.000,
A10,经贸·签署,中频,sh000037,上证医药,"[+1,+20]",指数调整,218,331,-0.00820,-0.01510,0.05429,-2.230,0.0268,0.0799,,-0.01520,-0.00079,0.4943,,0.142,0.000,
A10,经贸·签署,中频,sh000037,上证医药,"[-1,+1]",市场模型,218,331,0.00182,0.00082,0.01999,1.341,0.1813,0.5893,,-0.00082,0.00450,0.4943,,0.142,0.000,
A10,经贸·签署,中频,sh000037,上证医药,"[-1,+1]",指数调整,218,331,-0.00040,-0.00171,0.02010,-0.297,0.7667,0.8864,,-0.00302,0.00238,0.4943,,0.142,0.000,
A10,经贸·签署,中频,sh000037,上证医药,"[-5,+5]",市场模型,218,331,0.00704,0.00375,0.04198,2.477,0.0140,0.1578,,0.00147,0.01267,0.4943,,0.142,0.000,
A10,经贸·签署,中频,sh000037,上证医药,"[-5,+5]",指数调整,218,331,-0.00010,-0.00532,0.04208,-0.037,0.9708,0.9894,,-0.00561,0.00531,0.4943,,0.142,0.000,
A10,经贸·签署,中频,sh000038,上证信息,"[+1,+20]",市场模型,218,331,0.00314,0.00177,0.03972,1.168,0.2440,0.6113,,-0.00190,0.00838,0.1708,,0.142,0.000,
A10,经贸·签署,中频,sh000038,上证信息,"[+1,+20]",指数调整,218,331,0.00394,0.00956,0.04242,1.371,0.1718,0.3513,,-0.00195,0.00960,0.1708,,0.142,0.000,
A10,经贸·签署,中频,sh000038,上证信息,"[-1,+1]",市场模型,218,331,-0.00006,0.00053,0.01460,-0.064,0.9492,0.9821,,-0.00211,0.00188,0.1708,,0.142,0.000,
A10,经贸·签署,中频,sh000038,上证信息,"[-1,+1]",指数调整,218,331,-0.00035,0.00103,0.01812,-0.286,0.7748,0.8922,,-0.00277,0.00203,0.1708,,0.142,0.000,
A10,经贸·签署,中频,sh000038,上证信息,"[-5,+5]",市场模型,218,331,-0.00021,0.00062,0.02826,-0.110,0.9126,0.9748,,-0.00397,0.00357,0.1708,,0.142,0.000,
A10,经贸·签署,中频,sh000038,上证信息,"[-5,+5]",指数调整,218,331,0.00102,0.00510,0.03009,0.500,0.6176,0.8138,,-0.00284,0.00499,0.1708,,0.142,0.000,
A10,经贸·签署,中频,sz399808,中证新能,"[+1,+20]",市场模型,218,331,-0.01025,-0.00865,0.06080,-2.489,0.0136,0.1556,,-0.01836,-0.00197,0.2433,,0.142,0.000,
A10,经贸·签署,中频,sz399808,中证新能,"[+1,+20]",指数调整,218,331,-0.01104,-0.00757,0.06150,-2.650,0.0086,0.0316,*,-0.01927,-0.00290,0.2433,,0.142,0.000,
A10,经贸·签署,中频,sz399808,中证新能,"[-1,+1]",市场模型,218,331,-0.00014,0.00081,0.02281,-0.093,0.9259,0.9760,,-0.00324,0.00286,0.2433,,0.142,0.000,
A10,经贸·签署,中频,sz399808,中证新能,"[-1,+1]",指数调整,218,331,-0.00059,-0.00089,0.02483,-0.352,0.7254,0.8711,,-0.00399,0.00274,0.2433,,0.142,0.000,
A10,经贸·签署,中频,sz399808,中证新能,"[-5,+5]",市场模型,218,331,-0.00250,-0.00328,0.04536,-0.813,0.4169,0.7447,,-0.00829,0.00335,0.2433,,0.142,0.000,
A10,经贸·签署,中频,sz399808,中证新能,"[-5,+5]",指数调整,218,331,-0.00452,-0.00279,0.04513,-1.477,0.1410,0.3101,,-0.01059,0.00149,0.2433,,0.142,0.000,
A10,经贸·签署,中频,sz399967,中证军工,"[+1,+20]",市场模型,218,331,0.00341,-0.00187,0.06566,0.767,0.4439,0.7616,,-0.00520,0.01208,0.9616,,0.142,0.000,
A10,经贸·签署,中频,sz399967,中证军工,"[+1,+20]",指数调整,218,331,0.00186,-0.00247,0.05890,0.466,0.6414,0.8252,,-0.00601,0.00961,0.9616,,0.142,0.000,
A10,经贸·签署,中频,sz399967,中证军工,"[-1,+1]",市场模型,218,331,0.00163,0.00052,0.02386,1.010,0.3137,0.6812,,-0.00142,0.00474,0.9616,,0.142,0.000,
A10,经贸·签署,中频,sz399967,中证军工,"[-1,+1]",指数调整,218,331,0.00143,0.00082,0.02274,0.930,0.3533,0.5856,,-0.00159,0.00433,0.9616,,0.142,0.000,
A10,经贸·签署,中频,sz399967,中证军工,"[-5,+5]",市场模型,218,331,0.00324,0.00343,0.04942,0.967,0.3344,0.6888,,-0.00346,0.00963,0.9616,,0.142,0.000,
A10,经贸·签署,中频,sz399967,中证军工,"[-5,+5]",指数调整,218,331,0.00217,0.00044,0.04492,0.714,0.4763,0.7108,,-0.00379,0.00806,0.9616,,0.142,0.000,
A10,经贸·签署,中频,sz399975,中证证券,"[+1,+20]",市场模型,218,331,0.00218,-0.00540,0.04696,0.685,0.4939,0.7772,,-0.00385,0.00847,0.6175,,0.142,0.000,
A10,经贸·签署,中频,sz399975,中证证券,"[+1,+20]",指数调整,218,331,-0.00226,-0.01218,0.04805,-0.693,0.4889,0.7150,,-0.00849,0.00418,0.6175,,0.142,0.000,
A10,经贸·签署,中频,sz399975,中证证券,"[-1,+1]",市场模型,218,331,0.00210,0.00050,0.01636,1.900,0.0588,0.3781,,-0.00012,0.00432,0.6175,,0.142,0.000,
A10,经贸·签署,中频,sz399975,中证证券,"[-1,+1]",指数调整,218,331,0.00118,-0.00119,0.01804,0.969,0.3335,0.5622,,-0.00118,0.00362,0.6175,,0.142,0.000,
A10,经贸·签署,中频,sz399975,中证证券,"[-5,+5]",市场模型,218,331,0.00480,-0.00210,0.03582,1.978,0.0492,0.3424,,0.00005,0.00959,0.6175,,0.142,0.000,
A10,经贸·签署,中频,sz399975,中证证券,"[-5,+5]",指数调整,218,331,0.00124,-0.00532,0.03491,0.527,0.5991,0.8085,,-0.00333,0.00593,0.6175,,0.142,0.000,
A10,经贸·签署,中频,sz399986,中证银行,"[+1,+20]",市场模型,218,331,0.00194,0.00409,0.04368,0.656,0.5123,0.7842,,-0.00392,0.00776,0.0602,疑似已预期,0.142,0.000,
A10,经贸·签署,中频,sz399986,中证银行,"[+1,+20]",指数调整,218,331,0.00425,0.01036,0.05382,1.166,0.2449,0.4422,,-0.00288,0.01166,0.0602,疑似已预期,0.142,0.000,
A10,经贸·签署,中频,sz399986,中证银行,"[-1,+1]",市场模型,218,331,-0.00094,-0.00057,0.01738,-0.803,0.4231,0.7470,,-0.00325,0.00147,0.0602,疑似已预期,0.142,0.000,
A10,经贸·签署,中频,sz399986,中证银行,"[-1,+1]",指数调整,218,331,-0.00122,0.00044,0.02488,-0.726,0.4684,0.7044,,-0.00460,0.00205,0.0602,疑似已预期,0.142,0.000,
A10,经贸·签署,中频,sz399986,中证银行,"[-5,+5]",市场模型,218,331,-0.00303,0.00047,0.03506,-1.277,0.2028,0.5894,,-0.00785,0.00169,0.0602,疑似已预期,0.142,0.000,
A10,经贸·签署,中频,sz399986,中证银行,"[-5,+5]",指数调整,218,331,-0.00026,0.00260,0.03881,-0.099,0.9213,0.9738,,-0.00544,0.00467,0.0602,疑似已预期,0.142,0.000,
A10,经贸·签署,中频,sz399997,中证白酒,"[+1,+20]",市场模型,218,331,-0.00413,-0.01538,0.06051,-1.007,0.3153,0.6812,,-0.01196,0.00410,0.0000,疑似已预期,0.142,0.000,
A10,经贸·签署,中频,sz399997,中证白酒,"[+1,+20]",指数调整,218,331,-0.03315,-0.03511,0.06101,-8.023,0.0000,0.0000,***,-0.04131,-0.02480,0.0000,疑似已预期,0.142,0.000,
A10,经贸·签署,中频,sz399997,中证白酒,"[-1,+1]",市场模型,218,331,-0.00098,-0.00533,0.02325,-0.621,0.5354,0.8016,,-0.00394,0.00223,0.0000,疑似已预期,0.142,0.000,
A10,经贸·签署,中频,sz399997,中证白酒,"[-1,+1]",指数调整,218,331,-0.00552,-0.00868,0.02485,-3.279,0.0012,0.0056,**,-0.00888,-0.00214,0.0000,疑似已预期,0.142,0.000,
A10,经贸·签署,中频,sz399997,中证白酒,"[-5,+5]",市场模型,218,331,-0.00051,-0.00443,0.04166,-0.181,0.8566,0.9438,,-0.00612,0.00514,0.0000,疑似已预期,0.142,0.000,
A10,经贸·签署,中频,sz399997,中证白酒,"[-5,+5]",指数调整,218,331,-0.01629,-0.01849,0.04437,-5.421,0.0000,0.0000,***,-0.02214,-0.01023,0.0000,疑似已预期,0.142,0.000,
A11,市场·上市并购,低频,sh000001,上证综指,"[+1,+20]",市场模型,117,166,-0.00148,0.00047,0.01438,-1.112,0.2684,0.6363,,-0.00401,0.00114,0.9592,,0.120,0.006,
A11,市场·上市并购,低频,sh000001,上证综指,"[+1,+20]",指数调整,117,166,-0.00005,0.00110,0.01420,-0.040,0.9681,0.9883,,-0.00267,0.00248,0.9592,,0.120,0.006,
A11,市场·上市并购,低频,sh000001,上证综指,"[-1,+1]",市场模型,117,166,0.00006,-0.00028,0.00478,0.144,0.8859,0.9623,,-0.00081,0.00095,0.9592,,0.120,0.006,
A11,市场·上市并购,低频,sh000001,上证综指,"[-1,+1]",指数调整,117,166,-0.00006,-0.00036,0.00525,-0.128,0.8982,0.9624,,-0.00099,0.00089,0.9592,,0.120,0.006,
A11,市场·上市并购,低频,sh000001,上证综指,"[-5,+5]",市场模型,117,166,-0.00070,-0.00064,0.01042,-0.729,0.4676,0.7679,,-0.00255,0.00123,0.9592,,0.120,0.006,
A11,市场·上市并购,低频,sh000001,上证综指,"[-5,+5]",指数调整,117,166,0.00003,0.00032,0.01059,0.029,0.9772,0.9924,,-0.00185,0.00189,0.9592,,0.120,0.006,
A11,市场·上市并购,低频,sh000032,上证能源,"[+1,+20]",市场模型,117,166,-0.00636,-0.00507,0.06464,-1.065,0.2892,0.6661,,-0.01804,0.00537,0.2488,,0.120,0.006,
A11,市场·上市并购,低频,sh000032,上证能源,"[+1,+20]",指数调整,117,166,-0.00871,-0.01675,0.07332,-1.285,0.2014,0.3954,,-0.02233,0.00467,0.2488,,0.120,0.006,
A11,市场·上市并购,低频,sh000032,上证能源,"[-1,+1]",市场模型,117,166,-0.00128,0.00183,0.02258,-0.613,0.5412,0.8016,,-0.00540,0.00279,0.2488,,0.120,0.006,
A11,市场·上市并购,低频,sh000032,上证能源,"[-1,+1]",指数调整,117,166,-0.00266,-0.00043,0.02360,-1.217,0.2259,0.4209,,-0.00699,0.00157,0.2488,,0.120,0.006,
A11,市场·上市并购,低频,sh000032,上证能源,"[-5,+5]",市场模型,117,166,-0.00199,-0.00109,0.04525,-0.475,0.6354,0.8425,,-0.00986,0.00625,0.2488,,0.120,0.006,
A11,市场·上市并购,低频,sh000032,上证能源,"[-5,+5]",指数调整,117,166,-0.00384,-0.00500,0.05087,-0.818,0.4153,0.6485,,-0.01299,0.00584,0.2488,,0.120,0.006,
A11,市场·上市并购,低频,sh000033,上证材料,"[+1,+20]",市场模型,117,166,-0.00813,-0.00356,0.05891,-1.492,0.1383,0.5187,,-0.01881,0.00221,0.2837,,0.120,0.006,
A11,市场·上市并购,低频,sh000033,上证材料,"[+1,+20]",指数调整,117,166,0.00090,-0.00119,0.04772,0.205,0.8381,0.9342,,-0.00761,0.00993,0.2837,,0.120,0.006,
A11,市场·上市并购,低频,sh000033,上证材料,"[-1,+1]",市场模型,117,166,0.00232,-0.00019,0.01860,1.347,0.1806,0.5893,,-0.00107,0.00569,0.2837,,0.120,0.006,
A11,市场·上市并购,低频,sh000033,上证材料,"[-1,+1]",指数调整,117,166,0.00419,0.00053,0.01839,2.464,0.0152,0.0500,,0.00094,0.00751,0.2837,,0.120,0.006,
A11,市场·上市并购,低频,sh000033,上证材料,"[-5,+5]",市场模型,117,166,0.00451,0.00183,0.04367,1.116,0.2666,0.6363,,-0.00338,0.01248,0.2837,,0.120,0.006,
A11,市场·上市并购,低频,sh000033,上证材料,"[-5,+5]",指数调整,117,166,0.01084,0.00453,0.03926,2.987,0.0034,0.0137,*,0.00406,0.01799,0.2837,,0.120,0.006,
A11,市场·上市并购,低频,sh000034,上证工业,"[+1,+20]",市场模型,117,166,-0.00416,-0.00181,0.03475,-1.296,0.1977,0.5894,,-0.01041,0.00212,0.0109,疑似已预期,0.120,0.006,
A11,市场·上市并购,低频,sh000034,上证工业,"[+1,+20]",指数调整,117,166,-0.00973,-0.00825,0.03240,-3.247,0.0015,0.0068,**,-0.01542,-0.00408,0.0109,疑似已预期,0.120,0.006,
A11,市场·上市并购,低频,sh000034,上证工业,"[-1,+1]",市场模型,117,166,0.00054,-0.00119,0.01200,0.489,0.6258,0.8387,,-0.00159,0.00277,0.0109,疑似已预期,0.120,0.006,
A11,市场·上市并购,低频,sh000034,上证工业,"[-1,+1]",指数调整,117,166,-0.00071,-0.00191,0.01211,-0.634,0.5272,0.7529,,-0.00280,0.00153,0.0109,疑似已预期,0.120,0.006,
A11,市场·上市并购,低频,sh000034,上证工业,"[-5,+5]",市场模型,117,166,0.00057,0.00068,0.02307,0.266,0.7908,0.9090,,-0.00354,0.00465,0.0109,疑似已预期,0.120,0.006,
A11,市场·上市并购,低频,sh000034,上证工业,"[-5,+5]",指数调整,117,166,-0.00249,-0.00192,0.02183,-1.232,0.2205,0.4162,,-0.00646,0.00140,0.0109,疑似已预期,0.120,0.006,
A11,市场·上市并购,低频,sh000035,上证金融,"[+1,+20]",市场模型,117,166,-0.00961,-0.01775,0.03779,-2.751,0.0069,0.1126,,-0.01646,-0.00299,0.2481,,0.120,0.006,
A11,市场·上市并购,低频,sh000035,上证金融,"[+1,+20]",指数调整,117,166,-0.01455,-0.01549,0.03597,-4.376,0.0000,0.0002,***,-0.02087,-0.00801,0.2481,,0.120,0.006,
A11,市场·上市并购,低频,sh000035,上证金融,"[-1,+1]",市场模型,117,166,-0.00072,-0.00080,0.01319,-0.590,0.5565,0.8118,,-0.00314,0.00168,0.2481,,0.120,0.006,
A11,市场·上市并购,低频,sh000035,上证金融,"[-1,+1]",指数调整,117,166,-0.00194,-0.00140,0.01375,-1.523,0.1305,0.2923,,-0.00444,0.00052,0.2481,,0.120,0.006,
A11,市场·上市并购,低频,sh000035,上证金融,"[-5,+5]",市场模型,117,166,-0.00272,-0.00368,0.02759,-1.065,0.2891,0.6661,,-0.00765,0.00221,0.2481,,0.120,0.006,
A11,市场·上市并购,低频,sh000035,上证金融,"[-5,+5]",指数调整,117,166,-0.00571,-0.00337,0.02616,-2.360,0.0200,0.0628,,-0.01049,-0.00088,0.2481,,0.120,0.006,
A11,市场·上市并购,低频,sh000036,上证消费,"[+1,+20]",市场模型,117,166,-0.00807,-0.01110,0.04429,-1.972,0.0510,0.3471,,-0.01603,0.00022,0.0320,疑似已预期,0.120,0.006,
A11,市场·上市并购,低频,sh000036,上证消费,"[+1,+20]",指数调整,117,166,-0.02228,-0.02845,0.04502,-5.353,0.0000,0.0000,***,-0.03026,-0.01426,0.0320,疑似已预期,0.120,0.006,
A11,市场·上市并购,低频,sh000036,上证消费,"[-1,+1]",市场模型,117,166,-0.00069,-0.00250,0.01709,-0.434,0.6648,0.8510,,-0.00361,0.00247,0.0320,疑似已预期,0.120,0.006,
A11,市场·上市并购,低频,sh000036,上证消费,"[-1,+1]",指数调整,117,166,-0.00369,-0.00403,0.01804,-2.210,0.0291,0.0864,,-0.00695,-0.00038,0.0320,疑似已预期,0.120,0.006,
A11,市场·上市并购,低频,sh000036,上证消费,"[-5,+5]",市场模型,117,166,0.00079,-0.00296,0.03326,0.258,0.7969,0.9118,,-0.00497,0.00684,0.0320,疑似已预期,0.120,0.006,
A11,市场·上市并购,低频,sh000036,上证消费,"[-5,+5]",指数调整,117,166,-0.00846,-0.01456,0.03623,-2.525,0.0129,0.0444,*,-0.01485,-0.00160,0.0320,疑似已预期,0.120,0.006,
A11,市场·上市并购,低频,sh000037,上证医药,"[+1,+20]",市场模型,117,166,-0.00089,0.00063,0.04337,-0.221,0.8255,0.9251,,-0.00885,0.00692,0.8777,,0.120,0.006,
A11,市场·上市并购,低频,sh000037,上证医药,"[+1,+20]",指数调整,117,166,-0.01232,-0.00756,0.04445,-2.998,0.0033,0.0134,*,-0.02056,-0.00417,0.8777,,0.120,0.006,
A11,市场·上市并购,低频,sh000037,上证医药,"[-1,+1]",市场模型,117,166,0.00165,-0.00053,0.01817,0.983,0.3275,0.6843,,-0.00149,0.00493,0.8777,,0.120,0.006,
A11,市场·上市并购,低频,sh000037,上证医药,"[-1,+1]",指数调整,117,166,-0.00052,-0.00211,0.01802,-0.311,0.7565,0.8799,,-0.00376,0.00273,0.8777,,0.120,0.006,
A11,市场·上市并购,低频,sh000037,上证医药,"[-5,+5]",市场模型,117,166,-0.00082,-0.00168,0.03575,-0.250,0.8033,0.9132,,-0.00722,0.00591,0.8777,,0.120,0.006,
A11,市场·上市并购,低频,sh000037,上证医药,"[-5,+5]",指数调整,117,166,-0.00734,-0.00813,0.03613,-2.198,0.0299,0.0879,,-0.01354,-0.00057,0.8777,,0.120,0.006,
A11,市场·上市并购,低频,sh000038,上证信息,"[+1,+20]",市场模型,117,166,-0.00131,0.00181,0.03926,-0.360,0.7192,0.8718,,-0.00855,0.00577,0.4613,,0.120,0.006,
A11,市场·上市并购,低频,sh000038,上证信息,"[+1,+20]",指数调整,117,166,0.00152,0.01048,0.04193,0.392,0.6956,0.8598,,-0.00628,0.00873,0.4613,,0.120,0.006,
A11,市场·上市并购,低频,sh000038,上证信息,"[-1,+1]",市场模型,117,166,-0.00067,0.00126,0.01462,-0.499,0.6188,0.8351,,-0.00325,0.00202,0.4613,,0.120,0.006,
A11,市场·上市并购,低频,sh000038,上证信息,"[-1,+1]",指数调整,117,166,-0.00104,0.00178,0.01597,-0.707,0.4808,0.7115,,-0.00402,0.00181,0.4613,,0.120,0.006,
A11,市场·上市并购,低频,sh000038,上证信息,"[-5,+5]",市场模型,117,166,-0.00244,-0.00272,0.02824,-0.934,0.3525,0.7006,,-0.00763,0.00274,0.4613,,0.120,0.006,
A11,市场·上市并购,低频,sh000038,上证信息,"[-5,+5]",指数调整,117,166,-0.00140,0.00279,0.03139,-0.481,0.6311,0.8214,,-0.00706,0.00409,0.4613,,0.120,0.006,
A11,市场·上市并购,低频,sz399808,中证新能,"[+1,+20]",市场模型,117,166,-0.00031,0.00017,0.05086,-0.065,0.9482,0.9821,,-0.00927,0.00899,0.1745,,0.120,0.006,
A11,市场·上市并购,低频,sz399808,中证新能,"[+1,+20]",指数调整,117,166,-0.00248,-0.00424,0.05239,-0.511,0.6103,0.8119,,-0.01173,0.00699,0.1745,,0.120,0.006,
A11,市场·上市并购,低频,sz399808,中证新能,"[-1,+1]",市场模型,117,166,-0.00147,-0.00216,0.02096,-0.758,0.4502,0.7656,,-0.00538,0.00235,0.1745,,0.120,0.006,
A11,市场·上市并购,低频,sz399808,中证新能,"[-1,+1]",指数调整,117,166,-0.00143,-0.00197,0.02111,-0.733,0.4650,0.7018,,-0.00527,0.00232,0.1745,,0.120,0.006,
A11,市场·上市并购,低频,sz399808,中证新能,"[-5,+5]",市场模型,117,166,-0.00184,0.00028,0.04198,-0.475,0.6359,0.8425,,-0.00918,0.00544,0.1745,,0.120,0.006,
A11,市场·上市并购,低频,sz399808,中证新能,"[-5,+5]",指数调整,117,166,-0.00307,-0.00110,0.04519,-0.734,0.4646,0.7018,,-0.01128,0.00490,0.1745,,0.120,0.006,
A11,市场·上市并购,低频,sz399967,中证军工,"[+1,+20]",市场模型,117,166,-0.00312,0.00246,0.06101,-0.554,0.5808,0.8168,,-0.01441,0.00793,0.3740,,0.120,0.006,
A11,市场·上市并购,低频,sz399967,中证军工,"[+1,+20]",指数调整,117,166,-0.00220,0.00439,0.05375,-0.443,0.6589,0.8289,,-0.01240,0.00759,0.3740,,0.120,0.006,
A11,市场·上市并购,低频,sz399967,中证军工,"[-1,+1]",市场模型,117,166,0.00259,0.00109,0.02369,1.181,0.2398,0.6113,,-0.00160,0.00678,0.3740,,0.120,0.006,
A11,市场·上市并购,低频,sz399967,中证军工,"[-1,+1]",指数调整,117,166,0.00259,-0.00015,0.02292,1.222,0.2241,0.4209,,-0.00157,0.00676,0.3740,,0.120,0.006,
A11,市场·上市并购,低频,sz399967,中证军工,"[-5,+5]",市场模型,117,166,0.00409,0.00346,0.04488,0.985,0.3267,0.6843,,-0.00382,0.01243,0.3740,,0.120,0.006,
A11,市场·上市并购,低频,sz399967,中证军工,"[-5,+5]",指数调整,117,166,0.00479,0.00646,0.04149,1.249,0.2143,0.4084,,-0.00252,0.01214,0.3740,,0.120,0.006,
A11,市场·上市并购,低频,sz399975,中证证券,"[+1,+20]",市场模型,117,166,-0.00490,-0.01013,0.04553,-1.165,0.2465,0.6113,,-0.01335,0.00316,0.1077,,0.120,0.006,
A11,市场·上市并购,低频,sz399975,中证证券,"[+1,+20]",指数调整,117,166,-0.00557,-0.00993,0.04327,-1.393,0.1664,0.3440,,-0.01306,0.00245,0.1077,,0.120,0.006,
A11,市场·上市并购,低频,sz399975,中证证券,"[-1,+1]",市场模型,117,166,-0.00223,-0.00474,0.01667,-1.444,0.1514,0.5426,,-0.00519,0.00089,0.1077,,0.120,0.006,
A11,市场·上市并购,低频,sz399975,中证证券,"[-1,+1]",指数调整,117,166,-0.00237,-0.00508,0.01748,-1.467,0.1450,0.3118,,-0.00553,0.00078,0.1077,,0.120,0.006,
A11,市场·上市并购,低频,sz399975,中证证券,"[-5,+5]",市场模型,117,166,-0.00390,-0.00378,0.03252,-1.297,0.1970,0.5894,,-0.00973,0.00198,0.1077,,0.120,0.006,
A11,市场·上市并购,低频,sz399975,中证证券,"[-5,+5]",指数调整,117,166,-0.00532,-0.00994,0.03372,-1.706,0.0907,0.2156,,-0.01129,0.00060,0.1077,,0.120,0.006,
A11,市场·上市并购,低频,sz399986,中证银行,"[+1,+20]",市场模型,117,166,-0.00185,-0.00219,0.04193,-0.478,0.6335,0.8425,,-0.00929,0.00585,0.8379,,0.120,0.006,
A11,市场·上市并购,低频,sz399986,中证银行,"[+1,+20]",指数调整,117,166,0.00177,0.00662,0.05311,0.361,0.7185,0.8702,,-0.00793,0.01090,0.8379,,0.120,0.006,
A11,市场·上市并购,低频,sz399986,中证银行,"[-1,+1]",市场模型,117,166,-0.00047,-0.00045,0.01725,-0.294,0.7693,0.9002,,-0.00349,0.00267,0.8379,,0.120,0.006,
A11,市场·上市并购,低频,sz399986,中证银行,"[-1,+1]",指数调整,117,166,-0.00112,0.00026,0.02061,-0.588,0.5575,0.7728,,-0.00485,0.00248,0.8379,,0.120,0.006,
A11,市场·上市并购,低频,sz399986,中证银行,"[-5,+5]",市场模型,117,166,-0.00237,-0.00004,0.03314,-0.774,0.4404,0.7584,,-0.00836,0.00347,0.8379,,0.120,0.006,
A11,市场·上市并购,低频,sz399986,中证银行,"[-5,+5]",指数调整,117,166,-0.00082,0.00265,0.04064,-0.217,0.8282,0.9268,,-0.00833,0.00627,0.8379,,0.120,0.006,
A11,市场·上市并购,低频,sz399997,中证白酒,"[+1,+20]",市场模型,117,166,-0.00934,-0.01424,0.05485,-1.841,0.0681,0.3986,,-0.01898,0.00064,0.0003,疑似已预期,0.120,0.006,
A11,市场·上市并购,低频,sz399997,中证白酒,"[+1,+20]",指数调整,117,166,-0.03581,-0.03293,0.05590,-6.929,0.0000,0.0000,***,-0.04546,-0.02565,0.0003,疑似已预期,0.120,0.006,
A11,市场·上市并购,低频,sz399997,中证白酒,"[-1,+1]",市场模型,117,166,-0.00180,-0.00435,0.02252,-0.865,0.3889,0.7293,,-0.00569,0.00225,0.0003,疑似已预期,0.120,0.006,
A11,市场·上市并购,低频,sz399997,中证白酒,"[-1,+1]",指数调整,117,166,-0.00648,-0.00789,0.02277,-3.079,0.0026,0.0109,*,-0.01058,-0.00230,0.0003,疑似已预期,0.120,0.006,
A11,市场·上市并购,低频,sz399997,中证白酒,"[-5,+5]",市场模型,117,166,-0.00158,-0.00595,0.04008,-0.425,0.6715,0.8535,,-0.00865,0.00571,0.0003,疑似已预期,0.120,0.006,
A11,市场·上市并购,低频,sz399997,中证白酒,"[-5,+5]",指数调整,117,166,-0.01769,-0.02451,0.04247,-4.504,0.0000,0.0001,***,-0.02502,-0.00980,0.0003,疑似已预期,0.120,0.006,
A12,军事·演习试射,低频,sh000001,上证综指,"[+1,+20]",市场模型,103,143,0.00214,0.00290,0.01689,1.284,0.2021,0.5894,,-0.00121,0.00544,0.7427,,0.155,0.000,
A12,军事·演习试射,低频,sh000001,上证综指,"[+1,+20]",指数调整,103,143,0.00215,0.00311,0.01598,1.363,0.1760,0.3574,,-0.00095,0.00521,0.7427,,0.155,0.000,
A12,军事·演习试射,低频,sh000001,上证综指,"[-1,+1]",市场模型,103,143,0.00090,0.00141,0.00520,1.763,0.0809,0.4124,,-0.00011,0.00187,0.7427,,0.155,0.000,
A12,军事·演习试射,低频,sh000001,上证综指,"[-1,+1]",指数调整,103,143,0.00021,-0.00007,0.00691,0.311,0.7562,0.8799,,-0.00117,0.00149,0.7427,,0.155,0.000,
A12,军事·演习试射,低频,sh000001,上证综指,"[-5,+5]",市场模型,103,143,0.00203,0.00141,0.01145,1.798,0.0752,0.4056,,-0.00021,0.00416,0.7427,,0.155,0.000,
A12,军事·演习试射,低频,sh000001,上证综指,"[-5,+5]",指数调整,103,143,0.00062,0.00139,0.01312,0.483,0.6299,0.8214,,-0.00198,0.00312,0.7427,,0.155,0.000,
A12,军事·演习试射,低频,sh000032,上证能源,"[+1,+20]",市场模型,103,143,-0.00400,-0.00239,0.06100,-0.666,0.5071,0.7842,,-0.01556,0.00783,0.7911,,0.155,0.000,
A12,军事·演习试射,低频,sh000032,上证能源,"[+1,+20]",指数调整,103,143,-0.00347,-0.00585,0.06968,-0.505,0.6148,0.8119,,-0.01661,0.01020,0.7911,,0.155,0.000,
A12,军事·演习试射,低频,sh000032,上证能源,"[-1,+1]",市场模型,103,143,0.00111,0.00054,0.02824,0.399,0.6907,0.8535,,-0.00412,0.00690,0.7911,,0.155,0.000,
A12,军事·演习试射,低频,sh000032,上证能源,"[-1,+1]",指数调整,103,143,-0.00108,-0.00188,0.03220,-0.340,0.7343,0.8711,,-0.00714,0.00538,0.7911,,0.155,0.000,
A12,军事·演习试射,低频,sh000032,上证能源,"[-5,+5]",市场模型,103,143,0.00445,-0.00198,0.04846,0.931,0.3541,0.7006,,-0.00477,0.01369,0.7911,,0.155,0.000,
A12,军事·演习试射,低频,sh000032,上证能源,"[-5,+5]",指数调整,103,143,0.00088,-0.00634,0.05855,0.152,0.8792,0.9546,,-0.01023,0.01218,0.7911,,0.155,0.000,
A12,军事·演习试射,低频,sh000033,上证材料,"[+1,+20]",市场模型,103,143,-0.00428,-0.00635,0.07000,-0.620,0.5364,0.8016,,-0.01766,0.00947,0.3591,,0.155,0.000,
A12,军事·演习试射,低频,sh000033,上证材料,"[+1,+20]",指数调整,103,143,0.00556,-0.01111,0.06590,0.856,0.3938,0.6295,,-0.00676,0.01848,0.3591,,0.155,0.000,
A12,军事·演习试射,低频,sh000033,上证材料,"[-1,+1]",市场模型,103,143,-0.00297,-0.00040,0.02405,-1.251,0.2137,0.5894,,-0.00782,0.00163,0.3591,,0.155,0.000,
A12,军事·演习试射,低频,sh000033,上证材料,"[-1,+1]",指数调整,103,143,-0.00062,-0.00017,0.02283,-0.278,0.7819,0.8982,,-0.00524,0.00362,0.3591,,0.155,0.000,
A12,军事·演习试射,低频,sh000033,上证材料,"[-5,+5]",市场模型,103,143,-0.00517,-0.00114,0.04232,-1.239,0.2183,0.5894,,-0.01330,0.00306,0.3591,,0.155,0.000,
A12,军事·演习试射,低频,sh000033,上证材料,"[-5,+5]",指数调整,103,143,0.00242,-0.00180,0.03797,0.647,0.5190,0.7478,,-0.00492,0.00972,0.3591,,0.155,0.000,
A12,军事·演习试射,低频,sh000034,上证工业,"[+1,+20]",市场模型,103,143,-0.00177,0.00233,0.03923,-0.458,0.6478,0.8444,,-0.00921,0.00562,0.2444,,0.155,0.000,
A12,军事·演习试射,低频,sh000034,上证工业,"[+1,+20]",指数调整,103,143,-0.00620,-0.00269,0.03621,-1.738,0.0852,0.2103,,-0.01309,0.00052,0.2444,,0.155,0.000,
A12,军事·演习试射,低频,sh000034,上证工业,"[-1,+1]",市场模型,103,143,0.00030,-0.00082,0.01055,0.290,0.7728,0.9005,,-0.00178,0.00239,0.2444,,0.155,0.000,
A12,军事·演习试射,低频,sh000034,上证工业,"[-1,+1]",指数调整,103,143,-0.00058,-0.00150,0.01057,-0.562,0.5756,0.7942,,-0.00259,0.00144,0.2444,,0.155,0.000,
A12,军事·演习试射,低频,sh000034,上证工业,"[-5,+5]",市场模型,103,143,-0.00025,-0.00118,0.02491,-0.103,0.9183,0.9748,,-0.00511,0.00448,0.2444,,0.155,0.000,
A12,军事·演习试射,低频,sh000034,上证工业,"[-5,+5]",指数调整,103,143,-0.00334,-0.00571,0.02351,-1.442,0.1525,0.3209,,-0.00796,0.00118,0.2444,,0.155,0.000,
A12,军事·演习试射,低频,sh000035,上证金融,"[+1,+20]",市场模型,103,143,-0.00498,-0.00949,0.04224,-1.196,0.2346,0.6113,,-0.01312,0.00348,0.0273,疑似已预期,0.155,0.000,
A12,军事·演习试射,低频,sh000035,上证金融,"[+1,+20]",指数调整,103,143,-0.01164,-0.01179,0.03894,-3.035,0.0031,0.0126,*,-0.01937,-0.00432,0.0273,疑似已预期,0.155,0.000,
A12,军事·演习试射,低频,sh000035,上证金融,"[-1,+1]",市场模型,103,143,-0.00349,-0.00311,0.01401,-2.530,0.0129,0.1532,,-0.00627,-0.00090,0.0273,疑似已预期,0.155,0.000,
A12,军事·演习试射,低频,sh000035,上证金融,"[-1,+1]",指数调整,103,143,-0.00442,-0.00427,0.01302,-3.444,0.0008,0.0039,**,-0.00691,-0.00190,0.0273,疑似已预期,0.155,0.000,
A12,军事·演习试射,低频,sh000035,上证金融,"[-5,+5]",市场模型,103,143,-0.00396,-0.00258,0.03178,-1.266,0.2084,0.5894,,-0.01008,0.00232,0.0273,疑似已预期,0.155,0.000,
A12,军事·演习试射,低频,sh000035,上证金融,"[-5,+5]",指数调整,103,143,-0.00788,-0.00472,0.02711,-2.952,0.0039,0.0154,*,-0.01315,-0.00270,0.0273,疑似已预期,0.155,0.000,
A12,军事·演习试射,低频,sh000036,上证消费,"[+1,+20]",市场模型,103,143,-0.00173,-0.00770,0.04325,-0.406,0.6858,0.8535,,-0.00991,0.00664,0.0009,疑似已预期,0.155,0.000,
A12,军事·演习试射,低频,sh000036,上证消费,"[+1,+20]",指数调整,103,143,-0.01733,-0.01837,0.04421,-3.978,0.0001,0.0007,***,-0.02582,-0.00837,0.0009,疑似已预期,0.155,0.000,
A12,军事·演习试射,低频,sh000036,上证消费,"[-1,+1]",市场模型,103,143,-0.00084,-0.00169,0.01365,-0.626,0.5329,0.8016,,-0.00338,0.00177,0.0009,疑似已预期,0.155,0.000,
A12,军事·演习试射,低频,sh000036,上证消费,"[-1,+1]",指数调整,103,143,-0.00291,-0.00347,0.01384,-2.137,0.0350,0.1014,,-0.00548,-0.00021,0.0009,疑似已预期,0.155,0.000,
A12,军事·演习试射,低频,sh000036,上证消费,"[-5,+5]",市场模型,103,143,-0.00304,-0.00910,0.03032,-1.018,0.3113,0.6812,,-0.00886,0.00297,0.0009,疑似已预期,0.155,0.000,
A12,军事·演习试射,低频,sh000036,上证消费,"[-5,+5]",指数调整,103,143,-0.01200,-0.01569,0.03248,-3.750,0.0003,0.0015,**,-0.01819,-0.00562,0.0009,疑似已预期,0.155,0.000,
A12,军事·演习试射,低频,sh000037,上证医药,"[+1,+20]",市场模型,103,143,0.00604,-0.00013,0.04756,1.289,0.2003,0.5894,,-0.00297,0.01509,0.1947,,0.155,0.000,
A12,军事·演习试射,低频,sh000037,上证医药,"[+1,+20]",指数调整,103,143,-0.00773,-0.00694,0.04584,-1.710,0.0903,0.2156,,-0.01621,0.00098,0.1947,,0.155,0.000,
A12,军事·演习试射,低频,sh000037,上证医药,"[-1,+1]",市场模型,103,143,-0.00167,-0.00258,0.01721,-0.984,0.3273,0.6843,,-0.00493,0.00163,0.1947,,0.155,0.000,
A12,军事·演习试射,低频,sh000037,上证医药,"[-1,+1]",指数调整,103,143,-0.00375,-0.00455,0.01681,-2.264,0.0257,0.0783,,-0.00705,-0.00061,0.1947,,0.155,0.000,
A12,军事·演习试射,低频,sh000037,上证医药,"[-5,+5]",市场模型,103,143,0.00190,-0.00454,0.03656,0.527,0.5995,0.8295,,-0.00493,0.00913,0.1947,,0.155,0.000,
A12,军事·演习试射,低频,sh000037,上证医药,"[-5,+5]",指数调整,103,143,-0.00579,-0.01034,0.03635,-1.616,0.1092,0.2545,,-0.01235,0.00139,0.1947,,0.155,0.000,
A12,军事·演习试射,低频,sh000038,上证信息,"[+1,+20]",市场模型,103,143,-0.00576,-0.00523,0.04110,-1.421,0.1583,0.5546,,-0.01354,0.00218,0.7973,,0.155,0.000,
A12,军事·演习试射,低频,sh000038,上证信息,"[+1,+20]",指数调整,103,143,-0.00315,0.00464,0.04540,-0.705,0.4825,0.7115,,-0.01185,0.00550,0.7973,,0.155,0.000,
A12,军事·演习试射,低频,sh000038,上证信息,"[-1,+1]",市场模型,103,143,0.00166,0.00048,0.01439,1.170,0.2446,0.6113,,-0.00106,0.00435,0.7973,,0.155,0.000,
A12,军事·演习试射,低频,sh000038,上证信息,"[-1,+1]",指数调整,103,143,0.00017,0.00084,0.01642,0.104,0.9175,0.9724,,-0.00301,0.00329,0.7973,,0.155,0.000,
A12,军事·演习试射,低频,sh000038,上证信息,"[-5,+5]",市场模型,103,143,0.00243,-0.00104,0.02983,0.826,0.4108,0.7447,,-0.00319,0.00825,0.7973,,0.155,0.000,
A12,军事·演习试射,低频,sh000038,上证信息,"[-5,+5]",指数调整,103,143,0.00018,-0.00007,0.02973,0.061,0.9513,0.9777,,-0.00564,0.00608,0.7973,,0.155,0.000,
A12,军事·演习试射,低频,sz399808,中证新能,"[+1,+20]",市场模型,103,143,0.00255,0.00079,0.05785,0.447,0.6560,0.8491,,-0.00850,0.01383,0.9037,,0.155,0.000,
A12,军事·演习试射,低频,sz399808,中证新能,"[+1,+20]",指数调整,103,143,0.00002,-0.00075,0.06051,0.004,0.9968,0.9981,,-0.01177,0.01181,0.9037,,0.155,0.000,
A12,军事·演习试射,低频,sz399808,中证新能,"[-1,+1]",市场模型,103,143,-0.00213,-0.00216,0.02105,-1.026,0.3073,0.6809,,-0.00620,0.00179,0.9037,,0.155,0.000,
A12,军事·演习试射,低频,sz399808,中证新能,"[-1,+1]",指数调整,103,143,-0.00073,-0.00195,0.02266,-0.325,0.7459,0.8780,,-0.00500,0.00373,0.9037,,0.155,0.000,
A12,军事·演习试射,低频,sz399808,中证新能,"[-5,+5]",市场模型,103,143,-0.00403,-0.00568,0.04395,-0.930,0.3545,0.7006,,-0.01201,0.00455,0.9037,,0.155,0.000,
A12,军事·演习试射,低频,sz399808,中证新能,"[-5,+5]",指数调整,103,143,-0.00250,0.00249,0.04259,-0.595,0.5529,0.7716,,-0.01067,0.00548,0.9037,,0.155,0.000,
A12,军事·演习试射,低频,sz399967,中证军工,"[+1,+20]",市场模型,103,143,0.00550,-0.00162,0.07883,0.708,0.4804,0.7744,,-0.00990,0.02133,0.0173,疑似已预期,0.155,0.000,
A12,军事·演习试射,低频,sz399967,中证军工,"[+1,+20]",指数调整,103,143,0.00355,0.00135,0.07074,0.509,0.6116,0.8119,,-0.00977,0.01681,0.0173,疑似已预期,0.155,0.000,
A12,军事·演习试射,低频,sz399967,中证军工,"[-1,+1]",市场模型,103,143,0.00218,0.00079,0.02377,0.932,0.3536,0.7006,,-0.00230,0.00656,0.0173,疑似已预期,0.155,0.000,
A12,军事·演习试射,低频,sz399967,中证军工,"[-1,+1]",指数调整,103,143,0.00271,-0.00081,0.02318,1.187,0.2379,0.4349,,-0.00163,0.00712,0.0173,疑似已预期,0.155,0.000,
A12,军事·演习试射,低频,sz399967,中证军工,"[-5,+5]",市场模型,103,143,0.00885,0.00794,0.05858,1.533,0.1284,0.5009,,-0.00222,0.02059,0.0173,疑似已预期,0.155,0.000,
A12,军事·演习试射,低频,sz399967,中证军工,"[-5,+5]",指数调整,103,143,0.00877,0.00102,0.05401,1.648,0.1025,0.2398,,-0.00159,0.01934,0.0173,疑似已预期,0.155,0.000,
A12,军事·演习试射,低频,sz399975,中证证券,"[+1,+20]",市场模型,103,143,0.00269,-0.00007,0.05003,0.546,0.5866,0.8209,,-0.00702,0.01205,0.4486,,0.155,0.000,
A12,军事·演习试射,低频,sz399975,中证证券,"[+1,+20]",指数调整,103,143,0.00093,-0.00648,0.05229,0.180,0.8573,0.9445,,-0.00914,0.01114,0.4486,,0.155,0.000,
A12,军事·演习试射,低频,sz399975,中证证券,"[-1,+1]",市场模型,103,143,0.00124,-0.00303,0.01698,0.738,0.4622,0.7679,,-0.00190,0.00442,0.4486,,0.155,0.000,
A12,军事·演习试射,低频,sz399975,中证证券,"[-1,+1]",指数调整,103,143,0.00225,-0.00202,0.02149,1.064,0.2899,0.5017,,-0.00170,0.00650,0.4486,,0.155,0.000,
A12,军事·演习试射,低频,sz399975,中证证券,"[-5,+5]",市场模型,103,143,0.00515,0.00229,0.03788,1.381,0.1704,0.5762,,-0.00200,0.01189,0.4486,,0.155,0.000,
A12,军事·演习试射,低频,sz399975,中证证券,"[-5,+5]",指数调整,103,143,0.00596,0.00040,0.04383,1.379,0.1709,0.3513,,-0.00205,0.01482,0.4486,,0.155,0.000,
A12,军事·演习试射,低频,sz399986,中证银行,"[+1,+20]",市场模型,103,143,-0.00587,-0.00188,0.04719,-1.262,0.2099,0.5894,,-0.01463,0.00290,0.2699,,0.155,0.000,
A12,军事·演习试射,低频,sz399986,中证银行,"[+1,+20]",指数调整,103,143,-0.00383,0.00380,0.06127,-0.634,0.5277,0.7529,,-0.01533,0.00849,0.2699,,0.155,0.000,
A12,军事·演习试射,低频,sz399986,中证银行,"[-1,+1]",市场模型,103,143,0.00282,0.00008,0.01940,1.477,0.1427,0.5251,,-0.00070,0.00669,0.2699,,0.155,0.000,
A12,军事·演习试射,低频,sz399986,中证银行,"[-1,+1]",指数调整,103,143,-0.00015,-0.00021,0.02474,-0.060,0.9526,0.9777,,-0.00509,0.00451,0.2699,,0.155,0.000,
A12,军事·演习试射,低频,sz399986,中证银行,"[-5,+5]",市场模型,103,143,0.00229,0.00134,0.03786,0.615,0.5400,0.8016,,-0.00501,0.00973,0.2699,,0.155,0.000,
A12,军事·演习试射,低频,sz399986,中证银行,"[-5,+5]",指数调整,103,143,-0.00283,-0.00288,0.04096,-0.700,0.4853,0.7115,,-0.01059,0.00491,0.2699,,0.155,0.000,
A12,军事·演习试射,低频,sz399997,中证白酒,"[+1,+20]",市场模型,103,143,-0.00338,-0.00420,0.05892,-0.583,0.5614,0.8134,,-0.01427,0.00823,0.0000,疑似已预期,0.155,0.000,
A12,军事·演习试射,低频,sz399997,中证白酒,"[+1,+20]",指数调整,103,143,-0.03066,-0.02590,0.06002,-5.185,0.0000,0.0000,***,-0.04200,-0.01911,0.0000,疑似已预期,0.155,0.000,
A12,军事·演习试射,低频,sz399997,中证白酒,"[-1,+1]",市场模型,103,143,-0.00109,-0.00523,0.01998,-0.554,0.5808,0.8168,,-0.00483,0.00284,0.0000,疑似已预期,0.155,0.000,
A12,军事·演习试射,低频,sz399997,中证白酒,"[-1,+1]",指数调整,103,143,-0.00407,-0.00888,0.02161,-1.913,0.0586,0.1572,,-0.00808,0.00016,0.0000,疑似已预期,0.155,0.000,
A12,军事·演习试射,低频,sz399997,中证白酒,"[-5,+5]",市场模型,103,143,-0.00730,-0.01144,0.03932,-1.885,0.0623,0.3867,,-0.01488,0.00050,0.0000,疑似已预期,0.155,0.000,
A12,军事·演习试射,低频,sz399997,中证白酒,"[-5,+5]",指数调整,103,143,-0.02133,-0.02451,0.04412,-4.907,0.0000,0.0000,***,-0.02981,-0.01260,0.0000,疑似已预期,0.155,0.000,
A13,对外表态·回应反制,高频,sh000001,上证综指,"[+1,+20]",市场模型,550,2277,-0.00047,-0.00095,0.01619,-0.677,0.4985,0.7818,,-0.00178,0.00088,0.5617,,0.100,0.000,
A13,对外表态·回应反制,高频,sh000001,上证综指,"[+1,+20]",指数调整,550,2277,0.00040,0.00063,0.01528,0.606,0.5446,0.7677,,-0.00085,0.00169,0.5617,,0.100,0.000,
A13,对外表态·回应反制,高频,sh000001,上证综指,"[-1,+1]",市场模型,550,2277,-0.00009,0.00011,0.00548,-0.400,0.6892,0.8535,,-0.00054,0.00037,0.5617,,0.100,0.000,
A13,对外表态·回应反制,高频,sh000001,上证综指,"[-1,+1]",指数调整,550,2277,-0.00002,0.00025,0.00610,-0.071,0.9433,0.9777,,-0.00053,0.00049,0.5617,,0.100,0.000,
A13,对外表态·回应反制,高频,sh000001,上证综指,"[-5,+5]",市场模型,550,2277,-0.00048,-0.00022,0.01142,-0.986,0.3247,0.6843,,-0.00145,0.00047,0.5617,,0.100,0.000,
A13,对外表态·回应反制,高频,sh000001,上证综指,"[-5,+5]",指数调整,550,2277,-0.00008,0.00085,0.01151,-0.169,0.8662,0.9489,,-0.00104,0.00089,0.5617,,0.100,0.000,
A13,对外表态·回应反制,高频,sh000032,上证能源,"[+1,+20]",市场模型,550,2277,-0.00708,-0.00185,0.07000,-2.373,0.0180,0.1915,,-0.01274,-0.00134,0.0995,疑似已预期,0.100,0.000,
A13,对外表态·回应反制,高频,sh000032,上证能源,"[+1,+20]",指数调整,550,2277,-0.00766,-0.01041,0.07454,-2.409,0.0163,0.0528,,-0.01389,-0.00148,0.0995,疑似已预期,0.100,0.000,
A13,对外表态·回应反制,高频,sh000032,上证能源,"[-1,+1]",市场模型,550,2277,-0.00107,-0.00030,0.02496,-1.009,0.3132,0.6812,,-0.00314,0.00099,0.0995,疑似已预期,0.100,0.000,
A13,对外表态·回应反制,高频,sh000032,上证能源,"[-1,+1]",指数调整,550,2277,-0.00140,-0.00186,0.02867,-1.144,0.2530,0.4526,,-0.00377,0.00100,0.0995,疑似已预期,0.100,0.000,
A13,对外表态·回应反制,高频,sh000032,上证能源,"[-5,+5]",市场模型,550,2277,-0.00369,-0.00275,0.04941,-1.752,0.0804,0.4124,,-0.00777,0.00028,0.0995,疑似已预期,0.100,0.000,
A13,对外表态·回应反制,高频,sh000032,上证能源,"[-5,+5]",指数调整,550,2277,-0.00449,-0.00450,0.05546,-1.900,0.0579,0.1568,,-0.00890,0.00021,0.0995,疑似已预期,0.100,0.000,
A13,对外表态·回应反制,高频,sh000033,上证材料,"[+1,+20]",市场模型,550,2277,-0.00388,-0.00093,0.06220,-1.463,0.1441,0.5269,,-0.00904,0.00116,0.0422,疑似已预期,0.100,0.000,
A13,对外表态·回应反制,高频,sh000033,上证材料,"[+1,+20]",指数调整,550,2277,0.00564,0.00471,0.05369,2.462,0.0141,0.0478,*,0.00105,0.01004,0.0422,疑似已预期,0.100,0.000,
A13,对外表态·回应反制,高频,sh000033,上证材料,"[-1,+1]",市场模型,550,2277,-0.00069,-0.00030,0.02217,-0.725,0.4686,0.7679,,-0.00254,0.00117,0.0422,疑似已预期,0.100,0.000,
A13,对外表态·回应反制,高频,sh000033,上证材料,"[-1,+1]",指数调整,550,2277,0.00078,0.00022,0.02169,0.843,0.3994,0.6349,,-0.00100,0.00262,0.0422,疑似已预期,0.100,0.000,
A13,对外表态·回应反制,高频,sh000033,上证材料,"[-5,+5]",市场模型,550,2277,-0.00237,0.00028,0.04479,-1.239,0.2157,0.5894,,-0.00622,0.00135,0.0422,疑似已预期,0.100,0.000,
A13,对外表态·回应反制,高频,sh000033,上证材料,"[-5,+5]",指数调整,550,2277,0.00309,0.00127,0.04122,1.758,0.0794,0.1984,,-0.00038,0.00667,0.0422,疑似已预期,0.100,0.000,
A13,对外表态·回应反制,高频,sh000034,上证工业,"[+1,+20]",市场模型,550,2277,-0.00345,0.00272,0.03747,-2.159,0.0313,0.2654,,-0.00652,-0.00034,0.0000,疑似已预期,0.100,0.000,
A13,对外表态·回应反制,高频,sh000034,上证工业,"[+1,+20]",指数调整,550,2277,-0.00968,-0.00750,0.03405,-6.667,0.0000,0.0000,***,-0.01250,-0.00690,0.0000,疑似已预期,0.100,0.000,
A13,对外表态·回应反制,高频,sh000034,上证工业,"[-1,+1]",市场模型,550,2277,-0.00057,-0.00169,0.01232,-1.089,0.2765,0.6445,,-0.00157,0.00047,0.0000,疑似已预期,0.100,0.000,
A13,对外表态·回应反制,高频,sh000034,上证工业,"[-1,+1]",指数调整,550,2277,-0.00155,-0.00288,0.01255,-2.903,0.0038,0.0152,*,-0.00258,-0.00050,0.0000,疑似已预期,0.100,0.000,
A13,对外表态·回应反制,高频,sh000034,上证工业,"[-5,+5]",市场模型,550,2277,-0.00233,-0.00211,0.02574,-2.120,0.0344,0.2717,,-0.00440,-0.00023,0.0000,疑似已预期,0.100,0.000,
A13,对外表态·回应反制,高频,sh000034,上证工业,"[-5,+5]",指数调整,550,2277,-0.00571,-0.00699,0.02451,-5.465,0.0000,0.0000,***,-0.00778,-0.00368,0.0000,疑似已预期,0.100,0.000,
A13,对外表态·回应反制,高频,sh000035,上证金融,"[+1,+20]",市场模型,550,2277,-0.00738,-0.01307,0.04040,-4.285,0.0000,0.0016,**,-0.01073,-0.00398,0.0000,疑似已预期,0.100,0.000,
A13,对外表态·回应反制,高频,sh000035,上证金融,"[+1,+20]",指数调整,550,2277,-0.01540,-0.01213,0.03803,-9.500,0.0000,0.0000,***,-0.01855,-0.01226,0.0000,疑似已预期,0.100,0.000,
A13,对外表态·回应反制,高频,sh000035,上证金融,"[-1,+1]",市场模型,550,2277,-0.00104,-0.00151,0.01539,-1.579,0.1148,0.4872,,-0.00227,0.00028,0.0000,疑似已预期,0.100,0.000,
A13,对外表态·回应反制,高频,sh000035,上证金融,"[-1,+1]",指数调整,550,2277,-0.00226,-0.00267,0.01580,-3.353,0.0009,0.0040,**,-0.00363,-0.00092,0.0000,疑似已预期,0.100,0.000,
A13,对外表态·回应反制,高频,sh000035,上证金融,"[-5,+5]",市场模型,550,2277,-0.00404,-0.00583,0.02914,-3.252,0.0012,0.0445,*,-0.00647,-0.00157,0.0000,疑似已预期,0.100,0.000,
A13,对外表态·回应反制,高频,sh000035,上证金融,"[-5,+5]",指数调整,550,2277,-0.00845,-0.00670,0.02804,-7.066,0.0000,0.0000,***,-0.01079,-0.00605,0.0000,疑似已预期,0.100,0.000,
A13,对外表态·回应反制,高频,sh000036,上证消费,"[+1,+20]",市场模型,550,2277,-0.00241,-0.00841,0.04543,-1.245,0.2135,0.5894,,-0.00602,0.00137,0.0000,疑似已预期,0.100,0.000,
A13,对外表态·回应反制,高频,sh000036,上证消费,"[+1,+20]",指数调整,550,2277,-0.01867,-0.02466,0.04734,-9.247,0.0000,0.0000,***,-0.02247,-0.01487,0.0000,疑似已预期,0.100,0.000,
A13,对外表态·回应反制,高频,sh000036,上证消费,"[-1,+1]",市场模型,550,2277,-0.00054,-0.00252,0.01717,-0.744,0.4569,0.7659,,-0.00193,0.00089,0.0000,疑似已预期,0.100,0.000,
A13,对外表态·回应反制,高频,sh000036,上证消费,"[-1,+1]",指数调整,550,2277,-0.00294,-0.00471,0.01919,-3.592,0.0004,0.0018,**,-0.00454,-0.00135,0.0000,疑似已预期,0.100,0.000,
A13,对外表态·回应反制,高频,sh000036,上证消费,"[-5,+5]",市场模型,550,2277,-0.00132,-0.00460,0.03277,-0.947,0.3441,0.7006,,-0.00400,0.00148,0.0000,疑似已预期,0.100,0.000,
A13,对外表态·回应反制,高频,sh000036,上证消费,"[-5,+5]",指数调整,550,2277,-0.01012,-0.01371,0.03593,-6.605,0.0000,0.0000,***,-0.01309,-0.00712,0.0000,疑似已预期,0.100,0.000,
A13,对外表态·回应反制,高频,sh000037,上证医药,"[+1,+20]",市场模型,550,2277,0.00704,0.00043,0.05602,2.948,0.0033,0.0902,,0.00231,0.01185,0.0742,疑似已预期,0.100,0.000,
A13,对外表态·回应反制,高频,sh000037,上证医药,"[+1,+20]",指数调整,550,2277,-0.00469,-0.00517,0.05250,-2.094,0.0367,0.1052,,-0.00916,-0.00026,0.0742,疑似已预期,0.100,0.000,
A13,对外表态·回应反制,高频,sh000037,上证医药,"[-1,+1]",市场模型,550,2277,0.00067,-0.00067,0.01899,0.833,0.4054,0.7434,,-0.00084,0.00226,0.0742,疑似已预期,0.100,0.000,
A13,对外表态·回应反制,高频,sh000037,上证医药,"[-1,+1]",指数调整,550,2277,-0.00110,-0.00224,0.01910,-1.351,0.1773,0.3574,,-0.00269,0.00054,0.0742,疑似已预期,0.100,0.000,
A13,对外表态·回应反制,高频,sh000037,上证医药,"[-5,+5]",市场模型,550,2277,0.00346,0.00063,0.03846,2.110,0.0353,0.2717,,0.00025,0.00671,0.0742,疑似已预期,0.100,0.000,
A13,对外表态·回应反制,高频,sh000037,上证医药,"[-5,+5]",指数调整,550,2277,-0.00301,-0.00647,0.03765,-1.874,0.0615,0.1622,,-0.00609,0.00013,0.0742,疑似已预期,0.100,0.000,
A13,对外表态·回应反制,高频,sh000038,上证信息,"[+1,+20]",市场模型,550,2277,-0.00089,0.00058,0.04073,-0.514,0.6072,0.8319,,-0.00434,0.00257,0.5454,,0.100,0.000,
A13,对外表态·回应反制,高频,sh000038,上证信息,"[+1,+20]",指数调整,550,2277,-0.00041,0.00790,0.04409,-0.219,0.8265,0.9268,,-0.00408,0.00345,0.5454,,0.100,0.000,
A13,对外表态·回应反制,高频,sh000038,上证信息,"[-1,+1]",市场模型,550,2277,-0.00017,0.00047,0.01419,-0.276,0.7827,0.9063,,-0.00133,0.00103,0.5454,,0.100,0.000,
A13,对外表态·回应反制,高频,sh000038,上证信息,"[-1,+1]",指数调整,550,2277,-0.00022,0.00055,0.01721,-0.301,0.7635,0.8844,,-0.00165,0.00125,0.5454,,0.100,0.000,
A13,对外表态·回应反制,高频,sh000038,上证信息,"[-5,+5]",市场模型,550,2277,-0.00011,-0.00056,0.03054,-0.082,0.9343,0.9795,,-0.00260,0.00242,0.5454,,0.100,0.000,
A13,对外表态·回应反制,高频,sh000038,上证信息,"[-5,+5]",指数调整,550,2277,-0.00010,0.00344,0.03324,-0.069,0.9449,0.9777,,-0.00285,0.00258,0.5454,,0.100,0.000,
A13,对外表态·回应反制,高频,sz399808,中证新能,"[+1,+20]",市场模型,550,2277,-0.00328,-0.00070,0.06102,-1.261,0.2078,0.5894,,-0.00842,0.00177,0.2562,,0.100,0.000,
A13,对外表态·回应反制,高频,sz399808,中证新能,"[+1,+20]",指数调整,550,2277,-0.00436,-0.00031,0.06102,-1.675,0.0946,0.2224,,-0.00948,0.00064,0.2562,,0.100,0.000,
A13,对外表态·回应反制,高频,sz399808,中证新能,"[-1,+1]",市场模型,550,2277,-0.00036,-0.00074,0.02141,-0.397,0.6914,0.8535,,-0.00212,0.00140,0.2562,,0.100,0.000,
A13,对外表态·回应反制,高频,sz399808,中证新能,"[-1,+1]",指数调整,550,2277,-0.00062,-0.00108,0.02229,-0.648,0.5171,0.7469,,-0.00251,0.00128,0.2562,,0.100,0.000,
A13,对外表态·回应反制,高频,sz399808,中证新能,"[-5,+5]",市场模型,550,2277,-0.00178,-0.00203,0.04410,-0.945,0.3453,0.7006,,-0.00536,0.00187,0.2562,,0.100,0.000,
A13,对外表态·回应反制,高频,sz399808,中证新能,"[-5,+5]",指数调整,550,2277,-0.00266,-0.00092,0.04352,-1.435,0.1518,0.3209,,-0.00630,0.00108,0.2562,,0.100,0.000,
A13,对外表态·回应反制,高频,sz399967,中证军工,"[+1,+20]",市场模型,550,2277,0.00101,-0.00082,0.07126,0.334,0.7387,0.8802,,-0.00495,0.00693,0.5239,,0.100,0.000,
A13,对外表态·回应反制,高频,sz399967,中证军工,"[+1,+20]",指数调整,550,2277,0.00092,0.00286,0.06252,0.344,0.7313,0.8711,,-0.00435,0.00620,0.5239,,0.100,0.000,
A13,对外表态·回应反制,高频,sz399967,中证军工,"[-1,+1]",市场模型,550,2277,-0.00012,-0.00158,0.02453,-0.115,0.9086,0.9748,,-0.00218,0.00194,0.5239,,0.100,0.000,
A13,对外表态·回应反制,高频,sz399967,中证军工,"[-1,+1]",指数调整,550,2277,-0.00002,-0.00130,0.02374,-0.019,0.9845,0.9947,,-0.00195,0.00196,0.5239,,0.100,0.000,
A13,对外表态·回应反制,高频,sz399967,中证军工,"[-5,+5]",市场模型,550,2277,-0.00046,0.00160,0.05079,-0.210,0.8334,0.9322,,-0.00472,0.00371,0.5239,,0.100,0.000,
A13,对外表态·回应反制,高频,sz399967,中证军工,"[-5,+5]",指数调整,550,2277,-0.00002,0.00124,0.04666,-0.011,0.9911,0.9962,,-0.00397,0.00388,0.5239,,0.100,0.000,
A13,对外表态·回应反制,高频,sz399975,中证证券,"[+1,+20]",市场模型,550,2277,0.00155,-0.00398,0.05329,0.684,0.4942,0.7772,,-0.00294,0.00609,0.2008,,0.100,0.000,
A13,对外表态·回应反制,高频,sz399975,中证证券,"[+1,+20]",指数调整,550,2277,-0.00198,-0.00919,0.05001,-0.929,0.3533,0.5856,,-0.00606,0.00218,0.2008,,0.100,0.000,
A13,对外表态·回应反制,高频,sz399975,中证证券,"[-1,+1]",市场模型,550,2277,0.00012,-0.00154,0.01692,0.164,0.8700,0.9531,,-0.00124,0.00154,0.2008,,0.100,0.000,
A13,对外表态·回应反制,高频,sz399975,中证证券,"[-1,+1]",指数调整,550,2277,-0.00035,-0.00222,0.01825,-0.450,0.6531,0.8252,,-0.00191,0.00118,0.2008,,0.100,0.000,
A13,对外表态·回应反制,高频,sz399975,中证证券,"[-5,+5]",市场模型,550,2277,0.00060,-0.00351,0.03524,0.399,0.6899,0.8535,,-0.00233,0.00362,0.2008,,0.100,0.000,
A13,对外表态·回应反制,高频,sz399975,中证证券,"[-5,+5]",指数调整,550,2277,-0.00145,-0.00667,0.03546,-0.956,0.3395,0.5674,,-0.00432,0.00156,0.2008,,0.100,0.000,
A13,对外表态·回应反制,高频,sz399986,中证银行,"[+1,+20]",市场模型,550,2277,-0.00212,0.00161,0.04432,-1.121,0.2627,0.6363,,-0.00574,0.00159,0.6336,,0.100,0.000,
A13,对外表态·回应反制,高频,sz399986,中证银行,"[+1,+20]",指数调整,550,2277,-0.00074,0.00663,0.05563,-0.312,0.7548,0.8799,,-0.00550,0.00381,0.6336,,0.100,0.000,
A13,对外表态·回应反制,高频,sz399986,中证银行,"[-1,+1]",市场模型,550,2277,-0.00032,-0.00024,0.01699,-0.439,0.6610,0.8498,,-0.00176,0.00111,0.6336,,0.100,0.000,
A13,对外表态·回应反制,高频,sz399986,中证银行,"[-1,+1]",指数调整,550,2277,-0.00034,0.00044,0.02278,-0.350,0.7267,0.8711,,-0.00229,0.00159,0.6336,,0.100,0.000,
A13,对外表态·回应反制,高频,sz399986,中证银行,"[-5,+5]",市场模型,550,2277,-0.00075,0.00221,0.03539,-0.500,0.6173,0.8351,,-0.00357,0.00228,0.6336,,0.100,0.000,
A13,对外表态·回应反制,高频,sz399986,中证银行,"[-5,+5]",指数调整,550,2277,-0.00041,0.00364,0.04202,-0.227,0.8205,0.9266,,-0.00387,0.00307,0.6336,,0.100,0.000,
A13,对外表态·回应反制,高频,sz399997,中证白酒,"[+1,+20]",市场模型,550,2277,-0.00389,-0.01366,0.05839,-1.561,0.1190,0.4971,,-0.00876,0.00113,0.0000,疑似已预期,0.100,0.000,
A13,对外表态·回应反制,高频,sz399997,中证白酒,"[+1,+20]",指数调整,550,2277,-0.03292,-0.03684,0.05925,-13.029,0.0000,0.0000,***,-0.03782,-0.02809,0.0000,疑似已预期,0.100,0.000,
A13,对外表态·回应反制,高频,sz399997,中证白酒,"[-1,+1]",市场模型,550,2277,-0.00100,-0.00448,0.02246,-1.041,0.2984,0.6749,,-0.00280,0.00088,0.0000,疑似已预期,0.100,0.000,
A13,对外表态·回应反制,高频,sz399997,中证白酒,"[-1,+1]",指数调整,550,2277,-0.00519,-0.00830,0.02446,-4.973,0.0000,0.0000,***,-0.00723,-0.00310,0.0000,疑似已预期,0.100,0.000,
A13,对外表态·回应反制,高频,sz399997,中证白酒,"[-5,+5]",市场模型,550,2277,-0.00210,-0.00521,0.04176,-1.180,0.2386,0.6113,,-0.00562,0.00132,0.0000,疑似已预期,0.100,0.000,
A13,对外表态·回应反制,高频,sz399997,中证白酒,"[-5,+5]",指数调整,550,2277,-0.01765,-0.02124,0.04435,-9.331,0.0000,0.0000,***,-0.02135,-0.01383,0.0000,疑似已预期,0.100,0.000,
A14,试点·推广,低频,sh000001,上证综指,"[+1,+20]",市场模型,131,176,-0.00193,-0.00174,0.01427,-1.545,0.1248,0.4972,,-0.00438,0.00057,0.8747,,0.099,0.000,
A14,试点·推广,低频,sh000001,上证综指,"[+1,+20]",指数调整,131,176,-0.00081,0.00004,0.01416,-0.657,0.5124,0.7439,,-0.00324,0.00156,0.8747,,0.099,0.000,
A14,试点·推广,低频,sh000001,上证综指,"[-1,+1]",市场模型,131,176,-0.00045,-0.00013,0.00568,-0.908,0.3656,0.7098,,-0.00143,0.00048,0.8747,,0.099,0.000,
A14,试点·推广,低频,sh000001,上证综指,"[-1,+1]",指数调整,131,176,-0.00030,-0.00007,0.00570,-0.602,0.5484,0.7705,,-0.00128,0.00063,0.8747,,0.099,0.000,
A14,试点·推广,低频,sh000001,上证综指,"[-5,+5]",市场模型,131,176,-0.00181,-0.00207,0.01142,-1.816,0.0716,0.4044,,-0.00380,0.00020,0.8747,,0.099,0.000,
A14,试点·推广,低频,sh000001,上证综指,"[-5,+5]",指数调整,131,176,-0.00101,-0.00067,0.01056,-1.092,0.2769,0.4822,,-0.00279,0.00071,0.8747,,0.099,0.000,
A14,试点·推广,低频,sh000032,上证能源,"[+1,+20]",市场模型,131,176,-0.00682,-0.00596,0.06580,-1.186,0.2379,0.6113,,-0.01802,0.00451,0.4155,,0.099,0.000,
A14,试点·推广,低频,sh000032,上证能源,"[+1,+20]",指数调整,131,176,-0.01015,-0.01940,0.06812,-1.706,0.0904,0.2156,,-0.02138,0.00143,0.4155,,0.099,0.000,
A14,试点·推广,低频,sh000032,上证能源,"[-1,+1]",市场模型,131,176,0.00061,0.00153,0.02628,0.267,0.7897,0.9090,,-0.00385,0.00504,0.4155,,0.099,0.000,
A14,试点·推广,低频,sh000032,上证能源,"[-1,+1]",指数调整,131,176,0.00025,-0.00037,0.02900,0.098,0.9222,0.9738,,-0.00463,0.00516,0.4155,,0.099,0.000,
A14,试点·推广,低频,sh000032,上证能源,"[-5,+5]",市场模型,131,176,-0.00217,-0.00395,0.04796,-0.517,0.6059,0.8319,,-0.01069,0.00579,0.4155,,0.099,0.000,
A14,试点·推广,低频,sh000032,上证能源,"[-5,+5]",指数调整,131,176,-0.00251,-0.00275,0.05477,-0.525,0.6006,0.8085,,-0.01173,0.00689,0.4155,,0.099,0.000,
A14,试点·推广,低频,sh000033,上证材料,"[+1,+20]",市场模型,131,176,0.00241,0.00570,0.06220,0.444,0.6575,0.8491,,-0.00815,0.01312,0.2428,,0.099,0.000,
A14,试点·推广,低频,sh000033,上证材料,"[+1,+20]",指数调整,131,176,0.01234,0.01187,0.05724,2.468,0.0149,0.0495,*,0.00267,0.02199,0.2428,,0.099,0.000,
A14,试点·推广,低频,sh000033,上证材料,"[-1,+1]",市场模型,131,176,-0.00071,-0.00118,0.02052,-0.397,0.6919,0.8535,,-0.00433,0.00275,0.2428,,0.099,0.000,
A14,试点·推广,低频,sh000033,上证材料,"[-1,+1]",指数调整,131,176,0.00036,0.00023,0.02149,0.192,0.8481,0.9361,,-0.00339,0.00399,0.2428,,0.099,0.000,
A14,试点·推广,低频,sh000033,上证材料,"[-5,+5]",市场模型,131,176,-0.00171,0.00109,0.04391,-0.445,0.6572,0.8491,,-0.00898,0.00581,0.2428,,0.099,0.000,
A14,试点·推广,低频,sh000033,上证材料,"[-5,+5]",指数调整,131,176,0.00319,0.00216,0.04341,0.841,0.4018,0.6370,,-0.00424,0.01055,0.2428,,0.099,0.000,
A14,试点·推广,低频,sh000034,上证工业,"[+1,+20]",市场模型,131,176,-0.00387,0.00095,0.03726,-1.189,0.2366,0.6113,,-0.00998,0.00268,0.0918,疑似已预期,0.099,0.000,
A14,试点·推广,低频,sh000034,上证工业,"[+1,+20]",指数调整,131,176,-0.01011,-0.00750,0.03377,-3.427,0.0008,0.0039,**,-0.01577,-0.00438,0.0918,疑似已预期,0.099,0.000,
A14,试点·推广,低频,sh000034,上证工业,"[-1,+1]",市场模型,131,176,-0.00029,-0.00126,0.01220,-0.275,0.7839,0.9063,,-0.00234,0.00174,0.0918,疑似已预期,0.099,0.000,
A14,试点·推广,低频,sh000034,上证工业,"[-1,+1]",指数调整,131,176,-0.00134,-0.00215,0.01208,-1.274,0.2051,0.3999,,-0.00346,0.00078,0.0918,疑似已预期,0.099,0.000,
A14,试点·推广,低频,sh000034,上证工业,"[-5,+5]",市场模型,131,176,-0.00238,-0.00118,0.02311,-1.180,0.2403,0.6113,,-0.00635,0.00147,0.0918,疑似已预期,0.099,0.000,
A14,试点·推广,低频,sh000034,上证工业,"[-5,+5]",指数调整,131,176,-0.00605,-0.00573,0.02289,-3.023,0.0030,0.0125,*,-0.00997,-0.00207,0.0918,疑似已预期,0.099,0.000,
A14,试点·推广,低频,sh000035,上证金融,"[+1,+20]",市场模型,131,176,-0.01303,-0.01514,0.03929,-3.795,0.0002,0.0110,*,-0.01978,-0.00612,0.0100,疑似已预期,0.099,0.000,
A14,试点·推广,低频,sh000035,上证金融,"[+1,+20]",指数调整,131,176,-0.01723,-0.01378,0.03676,-5.365,0.0000,0.0000,***,-0.02340,-0.01092,0.0100,疑似已预期,0.099,0.000,
A14,试点·推广,低频,sh000035,上证金融,"[-1,+1]",市场模型,131,176,-0.00156,-0.00186,0.01434,-1.244,0.2157,0.5894,,-0.00395,0.00089,0.0100,疑似已预期,0.099,0.000,
A14,试点·推广,低频,sh000035,上证金融,"[-1,+1]",指数调整,131,176,-0.00235,-0.00212,0.01425,-1.888,0.0612,0.1622,,-0.00477,0.00007,0.0100,疑似已预期,0.099,0.000,
A14,试点·推广,低频,sh000035,上证金融,"[-5,+5]",市场模型,131,176,-0.00539,-0.00595,0.02598,-2.377,0.0189,0.1942,,-0.00994,-0.00098,0.0100,疑似已预期,0.099,0.000,
A14,试点·推广,低频,sh000035,上证金融,"[-5,+5]",指数调整,131,176,-0.00864,-0.00403,0.02639,-3.745,0.0003,0.0014,**,-0.01317,-0.00432,0.0100,疑似已预期,0.099,0.000,
A14,试点·推广,低频,sh000036,上证消费,"[+1,+20]",市场模型,131,176,-0.00883,-0.01633,0.04747,-2.128,0.0352,0.2717,,-0.01673,-0.00063,0.0003,疑似已预期,0.099,0.000,
A14,试点·推广,低频,sh000036,上证消费,"[+1,+20]",指数调整,131,176,-0.02316,-0.03531,0.04761,-5.566,0.0000,0.0000,***,-0.03104,-0.01511,0.0003,疑似已预期,0.099,0.000,
A14,试点·推广,低频,sh000036,上证消费,"[-1,+1]",市场模型,131,176,-0.00095,-0.00188,0.01640,-0.663,0.5087,0.7842,,-0.00373,0.00190,0.0003,疑似已预期,0.099,0.000,
A14,试点·推广,低频,sh000036,上证消费,"[-1,+1]",指数调整,131,176,-0.00333,-0.00374,0.01657,-2.300,0.0230,0.0713,,-0.00602,-0.00039,0.0003,疑似已预期,0.099,0.000,
A14,试点·推广,低频,sh000036,上证消费,"[-5,+5]",市场模型,131,176,-0.00425,-0.00870,0.03203,-1.518,0.1316,0.5083,,-0.00956,0.00121,0.0003,疑似已预期,0.099,0.000,
A14,试点·推广,低频,sh000036,上证消费,"[-5,+5]",指数调整,131,176,-0.01323,-0.01724,0.03454,-4.385,0.0000,0.0001,***,-0.01911,-0.00704,0.0003,疑似已预期,0.099,0.000,
A14,试点·推广,低频,sh000037,上证医药,"[+1,+20]",市场模型,131,176,0.00686,0.00348,0.05743,1.367,0.1740,0.5851,,-0.00259,0.01689,0.0771,疑似已预期,0.099,0.000,
A14,试点·推广,低频,sh000037,上证医药,"[+1,+20]",指数调整,131,176,-0.00456,-0.00416,0.05412,-0.965,0.3363,0.5641,,-0.01355,0.00437,0.0771,疑似已预期,0.099,0.000,
A14,试点·推广,低频,sh000037,上证医药,"[-1,+1]",市场模型,131,176,-0.00148,-0.00225,0.01679,-1.010,0.3144,0.6812,,-0.00434,0.00134,0.0771,疑似已预期,0.099,0.000,
A14,试点·推广,低频,sh000037,上证医药,"[-1,+1]",指数调整,131,176,-0.00310,-0.00387,0.01672,-2.123,0.0356,0.1027,,-0.00591,-0.00026,0.0771,疑似已预期,0.099,0.000,
A14,试点·推广,低频,sh000037,上证医药,"[-5,+5]",市场模型,131,176,0.00057,-0.00227,0.03444,0.191,0.8492,0.9415,,-0.00525,0.00647,0.0771,疑似已预期,0.099,0.000,
A14,试点·推广,低频,sh000037,上证医药,"[-5,+5]",指数调整,131,176,-0.00585,-0.00699,0.03438,-1.948,0.0536,0.1465,,-0.01183,-0.00008,0.0771,疑似已预期,0.099,0.000,
A14,试点·推广,低频,sh000038,上证信息,"[+1,+20]",市场模型,131,176,-0.00335,-0.00430,0.03818,-1.005,0.3169,0.6812,,-0.00993,0.00324,0.4763,,0.099,0.000,
A14,试点·推广,低频,sh000038,上证信息,"[+1,+20]",指数调整,131,176,-0.00170,0.00852,0.03858,-0.505,0.6147,0.8119,,-0.00845,0.00490,0.4763,,0.099,0.000,
A14,试点·推广,低频,sh000038,上证信息,"[-1,+1]",市场模型,131,176,-0.00217,-0.00093,0.01342,-1.854,0.0660,0.3942,,-0.00439,0.00007,0.4763,,0.099,0.000,
A14,试点·推广,低频,sh000038,上证信息,"[-1,+1]",指数调整,131,176,-0.00187,0.00084,0.01458,-1.469,0.1443,0.3116,,-0.00432,0.00057,0.4763,,0.099,0.000,
A14,试点·推广,低频,sh000038,上证信息,"[-5,+5]",市场模型,131,176,-0.00368,-0.00301,0.03103,-1.358,0.1769,0.5866,,-0.00894,0.00154,0.4763,,0.099,0.000,
A14,试点·推广,低频,sh000038,上证信息,"[-5,+5]",指数调整,131,176,-0.00196,0.00209,0.03477,-0.644,0.5207,0.7483,,-0.00783,0.00387,0.4763,,0.099,0.000,
A14,试点·推广,低频,sz399808,中证新能,"[+1,+20]",市场模型,131,176,-0.00025,-0.00320,0.05505,-0.052,0.9584,0.9871,,-0.00951,0.00916,0.3476,,0.099,0.000,
A14,试点·推广,低频,sz399808,中证新能,"[+1,+20]",指数调整,131,176,-0.00159,0.00553,0.05763,-0.315,0.7530,0.8799,,-0.01122,0.00810,0.3476,,0.099,0.000,
A14,试点·推广,低频,sz399808,中证新能,"[-1,+1]",市场模型,131,176,-0.00119,-0.00193,0.02069,-0.658,0.5115,0.7842,,-0.00473,0.00244,0.3476,,0.099,0.000,
A14,试点·推广,低频,sz399808,中证新能,"[-1,+1]",指数调整,131,176,-0.00137,-0.00195,0.02017,-0.777,0.4384,0.6721,,-0.00477,0.00188,0.3476,,0.099,0.000,
A14,试点·推广,低频,sz399808,中证新能,"[-5,+5]",市场模型,131,176,-0.00270,-0.00278,0.04233,-0.731,0.4660,0.7679,,-0.01012,0.00449,0.3476,,0.099,0.000,
A14,试点·推广,低频,sz399808,中证新能,"[-5,+5]",指数调整,131,176,-0.00477,-0.00161,0.04404,-1.240,0.2171,0.4112,,-0.01243,0.00254,0.3476,,0.099,0.000,
A14,试点·推广,低频,sz399967,中证军工,"[+1,+20]",市场模型,131,176,-0.00378,0.00242,0.06620,-0.653,0.5147,0.7842,,-0.01477,0.00753,0.3309,,0.099,0.000,
A14,试点·推广,低频,sz399967,中证军工,"[+1,+20]",指数调整,131,176,-0.00283,0.00286,0.05914,-0.548,0.5846,0.7991,,-0.01296,0.00681,0.3309,,0.099,0.000,
A14,试点·推广,低频,sz399967,中证军工,"[-1,+1]",市场模型,131,176,0.00105,-0.00431,0.02584,0.466,0.6423,0.8426,,-0.00318,0.00552,0.3309,,0.099,0.000,
A14,试点·推广,低频,sz399967,中证军工,"[-1,+1]",指数调整,131,176,0.00123,-0.00244,0.02534,0.555,0.5797,0.7960,,-0.00304,0.00549,0.3309,,0.099,0.000,
A14,试点·推广,低频,sz399967,中证军工,"[-5,+5]",市场模型,131,176,-0.00180,-0.00492,0.05720,-0.361,0.7186,0.8718,,-0.01137,0.00798,0.3309,,0.099,0.000,
A14,试点·推广,低频,sz399967,中证军工,"[-5,+5]",指数调整,131,176,-0.00217,-0.00443,0.05391,-0.462,0.6451,0.8252,,-0.01108,0.00711,0.3309,,0.099,0.000,
A14,试点·推广,低频,sz399975,中证证券,"[+1,+20]",市场模型,131,176,-0.00396,-0.00908,0.05308,-0.853,0.3952,0.7345,,-0.01329,0.00520,0.1470,,0.099,0.000,
A14,试点·推广,低频,sz399975,中证证券,"[+1,+20]",指数调整,131,176,-0.00512,-0.01309,0.05266,-1.113,0.2678,0.4705,,-0.01390,0.00408,0.1470,,0.099,0.000,
A14,试点·推广,低频,sz399975,中证证券,"[-1,+1]",市场模型,131,176,-0.00173,-0.00334,0.01598,-1.240,0.2171,0.5894,,-0.00434,0.00097,0.1470,,0.099,0.000,
A14,试点·推广,低频,sz399975,中证证券,"[-1,+1]",指数调整,131,176,-0.00181,-0.00273,0.01630,-1.271,0.2058,0.4001,,-0.00460,0.00105,0.1470,,0.099,0.000,
A14,试点·推广,低频,sz399975,中证证券,"[-5,+5]",市场模型,131,176,-0.00380,-0.00758,0.03799,-1.145,0.2542,0.6249,,-0.01017,0.00259,0.1470,,0.099,0.000,
A14,试点·推广,低频,sz399975,中证证券,"[-5,+5]",指数调整,131,176,-0.00591,-0.00572,0.03306,-2.044,0.0429,0.1202,,-0.01162,-0.00025,0.1470,,0.099,0.000,
A14,试点·推广,低频,sz399986,中证银行,"[+1,+20]",市场模型,131,176,-0.00348,-0.00001,0.04354,-0.915,0.3616,0.7098,,-0.01108,0.00403,0.5405,,0.099,0.000,
A14,试点·推广,低频,sz399986,中证银行,"[+1,+20]",指数调整,131,176,-0.00153,0.00664,0.05088,-0.345,0.7305,0.8711,,-0.01019,0.00727,0.5405,,0.099,0.000,
A14,试点·推广,低频,sz399986,中证银行,"[-1,+1]",市场模型,131,176,-0.00237,0.00048,0.01585,-1.710,0.0896,0.4334,,-0.00502,0.00029,0.5405,,0.099,0.000,
A14,试点·推广,低频,sz399986,中证银行,"[-1,+1]",指数调整,131,176,-0.00194,-0.00049,0.01941,-1.145,0.2543,0.4535,,-0.00524,0.00134,0.5405,,0.099,0.000,
A14,试点·推广,低频,sz399986,中证银行,"[-5,+5]",市场模型,131,176,-0.00433,0.00081,0.03749,-1.321,0.1887,0.5894,,-0.01080,0.00208,0.5405,,0.099,0.000,
A14,试点·推广,低频,sz399986,中证银行,"[-5,+5]",指数调整,131,176,-0.00143,0.00504,0.04500,-0.362,0.7176,0.8702,,-0.00924,0.00614,0.5405,,0.099,0.000,
A14,试点·推广,低频,sz399997,中证白酒,"[+1,+20]",市场模型,131,176,-0.00625,-0.01732,0.05981,-1.197,0.2336,0.6113,,-0.01599,0.00410,0.0000,疑似已预期,0.099,0.000,
A14,试点·推广,低频,sz399997,中证白酒,"[+1,+20]",指数调整,131,176,-0.03254,-0.03993,0.05920,-6.290,0.0000,0.0000,***,-0.04222,-0.02232,0.0000,疑似已预期,0.099,0.000,
A14,试点·推广,低频,sz399997,中证白酒,"[-1,+1]",市场模型,131,176,-0.00125,-0.00566,0.02184,-0.655,0.5138,0.7842,,-0.00501,0.00250,0.0000,疑似已预期,0.099,0.000,
A14,试点·推广,低频,sz399997,中证白酒,"[-1,+1]",指数调整,131,176,-0.00527,-0.00896,0.02203,-2.737,0.0071,0.0267,*,-0.00903,-0.00152,0.0000,疑似已预期,0.099,0.000,
A14,试点·推广,低频,sz399997,中证白酒,"[-5,+5]",市场模型,131,176,-0.00453,-0.00974,0.04085,-1.268,0.2070,0.5894,,-0.01134,0.00265,0.0000,疑似已预期,0.099,0.000,
A14,试点·推广,低频,sz399997,中证白酒,"[-5,+5]",指数调整,131,176,-0.02049,-0.02478,0.04259,-5.506,0.0000,0.0000,***,-0.02775,-0.01329,0.0000,疑似已预期,0.099,0.000,
A15,货币·政策工具,中频,sh000001,上证综指,"[+1,+20]",市场模型,547,824,-0.00039,-0.00074,0.01613,-0.566,0.5716,0.8155,,-0.00174,0.00098,0.7429,,0.104,0.002,
A15,货币·政策工具,中频,sh000001,上证综指,"[+1,+20]",指数调整,547,824,0.00039,0.00044,0.01534,0.591,0.5546,0.7716,,-0.00087,0.00167,0.7429,,0.104,0.002,
A15,货币·政策工具,中频,sh000001,上证综指,"[-1,+1]",市场模型,547,824,-0.00017,-0.00004,0.00546,-0.748,0.4546,0.7659,,-0.00063,0.00026,0.7429,,0.104,0.002,
A15,货币·政策工具,中频,sh000001,上证综指,"[-1,+1]",指数调整,547,824,-0.00010,0.00011,0.00608,-0.378,0.7059,0.8676,,-0.00060,0.00041,0.7429,,0.104,0.002,
A15,货币·政策工具,中频,sh000001,上证综指,"[-5,+5]",市场模型,547,824,-0.00040,-0.00025,0.01139,-0.811,0.4175,0.7447,,-0.00132,0.00058,0.7429,,0.104,0.002,
A15,货币·政策工具,中频,sh000001,上证综指,"[-5,+5]",指数调整,547,824,-0.00009,0.00059,0.01154,-0.192,0.8478,0.9361,,-0.00107,0.00085,0.7429,,0.104,0.002,
A15,货币·政策工具,中频,sh000032,上证能源,"[+1,+20]",市场模型,547,824,-0.00563,0.00080,0.06933,-1.898,0.0582,0.3781,,-0.01156,0.00021,0.1220,,0.104,0.002,
A15,货币·政策工具,中频,sh000032,上证能源,"[+1,+20]",指数调整,547,824,-0.00654,-0.00847,0.07442,-2.054,0.0405,0.1149,,-0.01288,-0.00015,0.1220,,0.104,0.002,
A15,货币·政策工具,中频,sh000032,上证能源,"[-1,+1]",市场模型,547,824,-0.00100,0.00022,0.02504,-0.933,0.3512,0.7006,,-0.00303,0.00114,0.1220,,0.104,0.002,
A15,货币·政策工具,中频,sh000032,上证能源,"[-1,+1]",指数调整,547,824,-0.00130,-0.00174,0.02873,-1.057,0.2912,0.5024,,-0.00373,0.00112,0.1220,,0.104,0.002,
A15,货币·政策工具,中频,sh000032,上证能源,"[-5,+5]",市场模型,547,824,-0.00350,-0.00258,0.05005,-1.637,0.1022,0.4635,,-0.00761,0.00069,0.1220,,0.104,0.002,
A15,货币·政策工具,中频,sh000032,上证能源,"[-5,+5]",指数调整,547,824,-0.00442,-0.00406,0.05549,-1.863,0.0630,0.1652,,-0.00920,0.00034,0.1220,,0.104,0.002,
A15,货币·政策工具,中频,sh000033,上证材料,"[+1,+20]",市场模型,547,824,-0.00462,-0.00152,0.06172,-1.751,0.0806,0.4124,,-0.00975,0.00059,0.0182,疑似已预期,0.104,0.002,
A15,货币·政策工具,中频,sh000033,上证材料,"[+1,+20]",指数调整,547,824,0.00548,0.00338,0.05333,2.405,0.0165,0.0531,,0.00108,0.01013,0.0182,疑似已预期,0.104,0.002,
A15,货币·政策工具,中频,sh000033,上证材料,"[-1,+1]",市场模型,547,824,-0.00061,-0.00012,0.02222,-0.645,0.5189,0.7885,,-0.00254,0.00120,0.0182,疑似已预期,0.104,0.002,
A15,货币·政策工具,中频,sh000033,上证材料,"[-1,+1]",指数调整,547,824,0.00094,0.00053,0.02179,1.009,0.3136,0.5396,,-0.00088,0.00276,0.0182,疑似已预期,0.104,0.002,
A15,货币·政策工具,中频,sh000033,上证材料,"[-5,+5]",市场模型,547,824,-0.00208,0.00030,0.04445,-1.095,0.2740,0.6412,,-0.00573,0.00180,0.0182,疑似已预期,0.104,0.002,
A15,货币·政策工具,中频,sh000033,上证材料,"[-5,+5]",指数调整,547,824,0.00359,0.00233,0.04137,2.030,0.0428,0.1202,,0.00024,0.00714,0.0182,疑似已预期,0.104,0.002,
A15,货币·政策工具,中频,sh000034,上证工业,"[+1,+20]",市场模型,547,824,-0.00336,0.00208,0.03707,-2.121,0.0344,0.2717,,-0.00659,-0.00031,0.0000,疑似已预期,0.104,0.002,
A15,货币·政策工具,中频,sh000034,上证工业,"[+1,+20]",指数调整,547,824,-0.00936,-0.00754,0.03374,-6.487,0.0000,0.0000,***,-0.01216,-0.00649,0.0000,疑似已预期,0.104,0.002,
A15,货币·政策工具,中频,sh000034,上证工业,"[-1,+1]",市场模型,547,824,-0.00049,-0.00160,0.01241,-0.923,0.3562,0.7016,,-0.00150,0.00056,0.0000,疑似已预期,0.104,0.002,
A15,货币·政策工具,中频,sh000034,上证工业,"[-1,+1]",指数调整,547,824,-0.00144,-0.00273,0.01266,-2.657,0.0081,0.0301,*,-0.00246,-0.00037,0.0000,疑似已预期,0.104,0.002,
A15,货币·政策工具,中频,sh000034,上证工业,"[-5,+5]",市场模型,547,824,-0.00193,-0.00198,0.02587,-1.744,0.0818,0.4124,,-0.00404,0.00023,0.0000,疑似已预期,0.104,0.002,
A15,货币·政策工具,中频,sh000034,上证工业,"[-5,+5]",指数调整,547,824,-0.00528,-0.00684,0.02469,-5.002,0.0000,0.0000,***,-0.00742,-0.00327,0.0000,疑似已预期,0.104,0.002,
A15,货币·政策工具,中频,sh000035,上证金融,"[+1,+20]",市场模型,547,824,-0.00794,-0.01387,0.04036,-4.600,0.0000,0.0010,**,-0.01130,-0.00446,0.0000,疑似已预期,0.104,0.002,
A15,货币·政策工具,中频,sh000035,上证金融,"[+1,+20]",指数调整,547,824,-0.01539,-0.01298,0.03736,-9.636,0.0000,0.0000,***,-0.01849,-0.01235,0.0000,疑似已预期,0.104,0.002,
A15,货币·政策工具,中频,sh000035,上证金融,"[-1,+1]",市场模型,547,824,-0.00115,-0.00184,0.01550,-1.732,0.0838,0.4176,,-0.00246,0.00015,0.0000,疑似已预期,0.104,0.002,
A15,货币·政策工具,中频,sh000035,上证金融,"[-1,+1]",指数调整,547,824,-0.00234,-0.00267,0.01583,-3.457,0.0006,0.0028,**,-0.00363,-0.00103,0.0000,疑似已预期,0.104,0.002,
A15,货币·政策工具,中频,sh000035,上证金融,"[-5,+5]",市场模型,547,824,-0.00370,-0.00493,0.02944,-2.943,0.0034,0.0902,,-0.00615,-0.00128,0.0000,疑似已预期,0.104,0.002,
A15,货币·政策工具,中频,sh000035,上证金融,"[-5,+5]",指数调整,547,824,-0.00803,-0.00630,0.02834,-6.631,0.0000,0.0000,***,-0.01049,-0.00562,0.0000,疑似已预期,0.104,0.002,
A15,货币·政策工具,中频,sh000036,上证消费,"[+1,+20]",市场模型,547,824,-0.00244,-0.00834,0.04516,-1.263,0.2073,0.5894,,-0.00623,0.00141,0.0000,疑似已预期,0.104,0.002,
A15,货币·政策工具,中频,sh000036,上证消费,"[+1,+20]",指数调整,547,824,-0.01869,-0.02373,0.04664,-9.374,0.0000,0.0000,***,-0.02253,-0.01478,0.0000,疑似已预期,0.104,0.002,
A15,货币·政策工具,中频,sh000036,上证消费,"[-1,+1]",市场模型,547,824,-0.00040,-0.00245,0.01748,-0.534,0.5938,0.8280,,-0.00180,0.00108,0.0000,疑似已预期,0.104,0.002,
A15,货币·政策工具,中频,sh000036,上证消费,"[-1,+1]",指数调整,547,824,-0.00282,-0.00462,0.01950,-3.383,0.0008,0.0037,**,-0.00446,-0.00121,0.0000,疑似已预期,0.104,0.002,
A15,货币·政策工具,中频,sh000036,上证消费,"[-5,+5]",市场模型,547,824,-0.00084,-0.00437,0.03271,-0.600,0.5488,0.8083,,-0.00348,0.00198,0.0000,疑似已预期,0.104,0.002,
A15,货币·政策工具,中频,sh000036,上证消费,"[-5,+5]",指数调整,547,824,-0.00978,-0.01341,0.03586,-6.380,0.0000,0.0000,***,-0.01268,-0.00677,0.0000,疑似已预期,0.104,0.002,
A15,货币·政策工具,中频,sh000037,上证医药,"[+1,+20]",市场模型,547,824,0.00653,-0.00029,0.05560,2.749,0.0062,0.1099,,0.00189,0.01129,0.1366,,0.104,0.002,
A15,货币·政策工具,中频,sh000037,上证医药,"[+1,+20]",指数调整,547,824,-0.00553,-0.00746,0.05195,-2.492,0.0130,0.0445,*,-0.00997,-0.00109,0.1366,,0.104,0.002,
A15,货币·政策工具,中频,sh000037,上证医药,"[-1,+1]",市场模型,547,824,0.00072,-0.00074,0.01904,0.882,0.3782,0.7161,,-0.00085,0.00235,0.1366,,0.104,0.002,
A15,货币·政策工具,中频,sh000037,上证医药,"[-1,+1]",指数调整,547,824,-0.00112,-0.00224,0.01911,-1.368,0.1717,0.3513,,-0.00269,0.00046,0.1366,,0.104,0.002,
A15,货币·政策工具,中频,sh000037,上证医药,"[-5,+5]",市场模型,547,824,0.00362,0.00156,0.03786,2.237,0.0257,0.2275,,0.00054,0.00672,0.1366,,0.104,0.002,
A15,货币·政策工具,中频,sh000037,上证医药,"[-5,+5]",指数调整,547,824,-0.00306,-0.00620,0.03689,-1.940,0.0528,0.1451,,-0.00618,0.00006,0.1366,,0.104,0.002,
A15,货币·政策工具,中频,sh000038,上证信息,"[+1,+20]",市场模型,547,824,-0.00018,0.00166,0.04056,-0.106,0.9159,0.9748,,-0.00365,0.00317,0.8436,,0.104,0.002,
A15,货币·政策工具,中频,sh000038,上证信息,"[+1,+20]",指数调整,547,824,0.00011,0.00819,0.04296,0.062,0.9503,0.9777,,-0.00353,0.00370,0.8436,,0.104,0.002,
A15,货币·政策工具,中频,sh000038,上证信息,"[-1,+1]",市场模型,547,824,-0.00003,0.00046,0.01424,-0.045,0.9640,0.9911,,-0.00124,0.00121,0.8436,,0.104,0.002,
A15,货币·政策工具,中频,sh000038,上证信息,"[-1,+1]",指数调整,547,824,-0.00005,0.00078,0.01722,-0.070,0.9444,0.9777,,-0.00145,0.00137,0.8436,,0.104,0.002,
A15,货币·政策工具,中频,sh000038,上证信息,"[-5,+5]",市场模型,547,824,-0.00011,-0.00052,0.03065,-0.086,0.9312,0.9780,,-0.00259,0.00244,0.8436,,0.104,0.002,
A15,货币·政策工具,中频,sh000038,上证信息,"[-5,+5]",指数调整,547,824,-0.00020,0.00338,0.03297,-0.145,0.8847,0.9549,,-0.00299,0.00254,0.8436,,0.104,0.002,
A15,货币·政策工具,中频,sz399808,中证新能,"[+1,+20]",市场模型,547,824,-0.00198,0.00079,0.06067,-0.761,0.4467,0.7619,,-0.00713,0.00310,0.4592,,0.104,0.002,
A15,货币·政策工具,中频,sz399808,中证新能,"[+1,+20]",指数调整,547,824,-0.00305,0.00057,0.06090,-1.170,0.2426,0.4408,,-0.00802,0.00221,0.4592,,0.104,0.002,
A15,货币·政策工具,中频,sz399808,中证新能,"[-1,+1]",市场模型,547,824,-0.00008,-0.00065,0.02187,-0.088,0.9302,0.9780,,-0.00189,0.00182,0.4592,,0.104,0.002,
A15,货币·政策工具,中频,sz399808,中证新能,"[-1,+1]",指数调整,547,824,-0.00046,-0.00121,0.02248,-0.477,0.6332,0.8214,,-0.00233,0.00140,0.4592,,0.104,0.002,
A15,货币·政策工具,中频,sz399808,中证新能,"[-5,+5]",市场模型,547,824,-0.00050,-0.00018,0.04546,-0.256,0.7981,0.9118,,-0.00430,0.00329,0.4592,,0.104,0.002,
A15,货币·政策工具,中频,sz399808,中证新能,"[-5,+5]",指数调整,547,824,-0.00147,0.00038,0.04406,-0.778,0.4367,0.6721,,-0.00521,0.00224,0.4592,,0.104,0.002,
A15,货币·政策工具,中频,sz399967,中证军工,"[+1,+20]",市场模型,547,824,0.00055,-0.00164,0.07044,0.181,0.8563,0.9438,,-0.00529,0.00660,0.9636,,0.104,0.002,
A15,货币·政策工具,中频,sz399967,中证军工,"[+1,+20]",指数调整,547,824,0.00057,0.00249,0.06187,0.217,0.8285,0.9268,,-0.00460,0.00574,0.9636,,0.104,0.002,
A15,货币·政策工具,中频,sz399967,中证军工,"[-1,+1]",市场模型,547,824,0.00008,-0.00055,0.02525,0.073,0.9418,0.9821,,-0.00207,0.00220,0.9636,,0.104,0.002,
A15,货币·政策工具,中频,sz399967,中证军工,"[-1,+1]",指数调整,547,824,0.00012,-0.00109,0.02460,0.115,0.9087,0.9683,,-0.00194,0.00217,0.9636,,0.104,0.002,
A15,货币·政策工具,中频,sz399967,中证军工,"[-5,+5]",市场模型,547,824,0.00002,0.00179,0.05130,0.009,0.9931,0.9948,,-0.00425,0.00427,0.9636,,0.104,0.002,
A15,货币·政策工具,中频,sz399967,中证军工,"[-5,+5]",指数调整,547,824,0.00029,0.00079,0.04689,0.146,0.8839,0.9549,,-0.00355,0.00443,0.9636,,0.104,0.002,
A15,货币·政策工具,中频,sz399975,中证证券,"[+1,+20]",市场模型,547,824,0.00233,-0.00277,0.05316,1.024,0.3063,0.6809,,-0.00210,0.00687,0.5007,,0.104,0.002,
A15,货币·政策工具,中频,sz399975,中证证券,"[+1,+20]",指数调整,547,824,-0.00101,-0.00890,0.05092,-0.464,0.6428,0.8252,,-0.00511,0.00316,0.5007,,0.104,0.002,
A15,货币·政策工具,中频,sz399975,中证证券,"[-1,+1]",市场模型,547,824,0.00064,-0.00143,0.01705,0.872,0.3837,0.7240,,-0.00081,0.00208,0.5007,,0.104,0.002,
A15,货币·政策工具,中频,sz399975,中证证券,"[-1,+1]",指数调整,547,824,0.00006,-0.00202,0.01847,0.076,0.9397,0.9777,,-0.00140,0.00160,0.5007,,0.104,0.002,
A15,货币·政策工具,中频,sz399975,中证证券,"[-5,+5]",市场模型,547,824,0.00185,-0.00236,0.03576,1.212,0.2262,0.6043,,-0.00108,0.00490,0.5007,,0.104,0.002,
A15,货币·政策工具,中频,sz399975,中证证券,"[-5,+5]",指数调整,547,824,-0.00038,-0.00615,0.03575,-0.251,0.8019,0.9144,,-0.00337,0.00267,0.5007,,0.104,0.002,
A15,货币·政策工具,中频,sz399986,中证银行,"[+1,+20]",市场模型,547,824,-0.00162,0.00186,0.04420,-0.859,0.3905,0.7299,,-0.00536,0.00218,0.6745,,0.104,0.002,
A15,货币·政策工具,中频,sz399986,中证银行,"[+1,+20]",指数调整,547,824,-0.00068,0.00685,0.05471,-0.289,0.7727,0.8916,,-0.00538,0.00387,0.6745,,0.104,0.002,
A15,货币·政策工具,中频,sz399986,中证银行,"[-1,+1]",市场模型,547,824,-0.00035,-0.00030,0.01712,-0.473,0.6365,0.8425,,-0.00179,0.00110,0.6745,,0.104,0.002,
A15,货币·政策工具,中频,sz399986,中证银行,"[-1,+1]",指数调整,547,824,-0.00030,0.00057,0.02287,-0.310,0.7566,0.8799,,-0.00223,0.00154,0.6745,,0.104,0.002,
A15,货币·政策工具,中频,sz399986,中证银行,"[-5,+5]",市场模型,547,824,-0.00111,0.00221,0.03633,-0.717,0.4738,0.7743,,-0.00419,0.00194,0.6745,,0.104,0.002,
A15,货币·政策工具,中频,sz399986,中证银行,"[-5,+5]",指数调整,547,824,-0.00090,0.00282,0.04184,-0.504,0.6142,0.8119,,-0.00438,0.00257,0.6745,,0.104,0.002,
A15,货币·政策工具,中频,sz399997,中证白酒,"[+1,+20]",市场模型,547,824,-0.00414,-0.01318,0.05808,-1.665,0.0965,0.4479,,-0.00896,0.00085,0.0000,疑似已预期,0.104,0.002,
A15,货币·政策工具,中频,sz399997,中证白酒,"[+1,+20]",指数调整,547,824,-0.03280,-0.03384,0.05872,-13.062,0.0000,0.0000,***,-0.03786,-0.02784,0.0000,疑似已预期,0.104,0.002,
A15,货币·政策工具,中频,sz399997,中证白酒,"[-1,+1]",市场模型,547,824,-0.00040,-0.00386,0.02302,-0.409,0.6830,0.8535,,-0.00231,0.00154,0.0000,疑似已预期,0.104,0.002,
A15,货币·政策工具,中频,sz399997,中证白酒,"[-1,+1]",指数调整,547,824,-0.00461,-0.00778,0.02501,-4.314,0.0000,0.0001,***,-0.00669,-0.00250,0.0000,疑似已预期,0.104,0.002,
A15,货币·政策工具,中频,sz399997,中证白酒,"[-5,+5]",市场模型,547,824,-0.00166,-0.00454,0.04170,-0.934,0.3509,0.7006,,-0.00519,0.00183,0.0000,疑似已预期,0.104,0.002,
A15,货币·政策工具,中频,sz399997,中证白酒,"[-5,+5]",指数调整,547,824,-0.01720,-0.02031,0.04445,-9.049,0.0000,0.0000,***,-0.02092,-0.01343,0.0000,疑似已预期,0.104,0.002,
A2,外事·出访访问,中频,sh000001,上证综指,"[+1,+20]",市场模型,111,327,-0.00181,-0.00403,0.01269,-1.500,0.1364,0.5147,,-0.00414,0.00051,0.9882,,0.243,0.000,
A2,外事·出访访问,中频,sh000001,上证综指,"[+1,+20]",指数调整,111,327,-0.00007,-0.00154,0.01306,-0.060,0.9519,0.9777,,-0.00253,0.00231,0.9882,,0.243,0.000,
A2,外事·出访访问,中频,sh000001,上证综指,"[-1,+1]",市场模型,111,327,0.00080,0.00050,0.00518,1.629,0.1061,0.4701,,-0.00018,0.00176,0.9882,,0.243,0.000,
A2,外事·出访访问,中频,sh000001,上证综指,"[-1,+1]",指数调整,111,327,0.00143,0.00045,0.00560,2.691,0.0082,0.0303,*,0.00038,0.00248,0.9882,,0.243,0.000,
A2,外事·出访访问,中频,sh000001,上证综指,"[-5,+5]",市场模型,111,327,0.00065,0.00041,0.00936,0.734,0.4643,0.7679,,-0.00108,0.00236,0.9882,,0.243,0.000,
A2,外事·出访访问,中频,sh000001,上证综指,"[-5,+5]",指数调整,111,327,0.00153,0.00059,0.00943,1.715,0.0892,0.2156,,-0.00024,0.00331,0.9882,,0.243,0.000,
A2,外事·出访访问,中频,sh000032,上证能源,"[+1,+20]",市场模型,111,327,-0.01431,-0.01014,0.07339,-2.055,0.0423,0.3093,,-0.02813,-0.00056,0.3875,,0.243,0.000,
A2,外事·出访访问,中频,sh000032,上证能源,"[+1,+20]",指数调整,111,327,-0.01066,-0.00751,0.07023,-1.599,0.1127,0.2606,,-0.02384,0.00237,0.3875,,0.243,0.000,
A2,外事·出访访问,中频,sh000032,上证能源,"[-1,+1]",市场模型,111,327,0.00007,0.00054,0.02610,0.029,0.9768,0.9923,,-0.00452,0.00508,0.3875,,0.243,0.000,
A2,外事·出访访问,中频,sh000032,上证能源,"[-1,+1]",指数调整,111,327,0.00169,-0.00133,0.02880,0.618,0.5377,0.7616,,-0.00337,0.00730,0.3875,,0.243,0.000,
A2,外事·出访访问,中频,sh000032,上证能源,"[-5,+5]",市场模型,111,327,-0.00613,-0.00153,0.04504,-1.435,0.1542,0.5468,,-0.01466,0.00203,0.3875,,0.243,0.000,
A2,外事·出访访问,中频,sh000032,上证能源,"[-5,+5]",指数调整,111,327,-0.00561,0.00208,0.04691,-1.261,0.2100,0.4033,,-0.01457,0.00301,0.3875,,0.243,0.000,
A2,外事·出访访问,中频,sh000033,上证材料,"[+1,+20]",市场模型,111,327,-0.01596,-0.00965,0.04714,-3.566,0.0005,0.0225,*,-0.02481,-0.00749,0.2902,,0.243,0.000,
A2,外事·出访访问,中频,sh000033,上证材料,"[+1,+20]",指数调整,111,327,-0.00753,-0.00791,0.04295,-1.848,0.0673,0.1753,,-0.01547,0.00025,0.2902,,0.243,0.000,
A2,外事·出访访问,中频,sh000033,上证材料,"[-1,+1]",市场模型,111,327,0.00232,0.00161,0.01922,1.270,0.2067,0.5894,,-0.00129,0.00595,0.2902,,0.243,0.000,
A2,外事·出访访问,中频,sh000033,上证材料,"[-1,+1]",指数调整,111,327,0.00287,0.00236,0.02052,1.473,0.1435,0.3116,,-0.00090,0.00674,0.2902,,0.243,0.000,
A2,外事·出访访问,中频,sh000033,上证材料,"[-5,+5]",市场模型,111,327,-0.00267,0.00027,0.03626,-0.776,0.4394,0.7584,,-0.00940,0.00395,0.2902,,0.243,0.000,
A2,外事·出访访问,中频,sh000033,上证材料,"[-5,+5]",指数调整,111,327,0.00300,0.00131,0.03405,0.929,0.3548,0.5863,,-0.00335,0.00930,0.2902,,0.243,0.000,
A2,外事·出访访问,中频,sh000034,上证工业,"[+1,+20]",市场模型,111,327,-0.00675,0.00098,0.03305,-2.152,0.0336,0.2717,,-0.01285,-0.00072,0.0000,疑似已预期,0.243,0.000,
A2,外事·出访访问,中频,sh000034,上证工业,"[+1,+20]",指数调整,111,327,-0.00988,-0.00909,0.03201,-3.253,0.0015,0.0068,**,-0.01598,-0.00416,0.0000,疑似已预期,0.243,0.000,
A2,外事·出访访问,中频,sh000034,上证工业,"[-1,+1]",市场模型,111,327,-0.00067,-0.00082,0.01050,-0.669,0.5047,0.7842,,-0.00257,0.00127,0.0000,疑似已预期,0.243,0.000,
A2,外事·出访访问,中频,sh000034,上证工业,"[-1,+1]",指数调整,111,327,-0.00104,-0.00136,0.01100,-0.991,0.3237,0.5497,,-0.00300,0.00100,0.0000,疑似已预期,0.243,0.000,
A2,外事·出访访问,中频,sh000034,上证工业,"[-5,+5]",市场模型,111,327,-0.00413,-0.00623,0.02203,-1.975,0.0508,0.3471,,-0.00829,-0.00005,0.0000,疑似已预期,0.243,0.000,
A2,外事·出访访问,中频,sh000034,上证工业,"[-5,+5]",指数调整,111,327,-0.00600,-0.00616,0.02115,-2.990,0.0034,0.0137,*,-0.00983,-0.00200,0.0000,疑似已预期,0.243,0.000,
A2,外事·出访访问,中频,sh000035,上证金融,"[+1,+20]",市场模型,111,327,-0.01504,-0.02272,0.03426,-4.625,0.0000,0.0012,**,-0.02132,-0.00885,0.0132,疑似已预期,0.243,0.000,
A2,外事·出访访问,中频,sh000035,上证金融,"[+1,+20]",指数调整,111,327,-0.01892,-0.02034,0.03669,-5.432,0.0000,0.0000,***,-0.02570,-0.01214,0.0132,疑似已预期,0.243,0.000,
A2,外事·出访访问,中频,sh000035,上证金融,"[-1,+1]",市场模型,111,327,-0.00078,-0.00184,0.01344,-0.615,0.5395,0.8016,,-0.00317,0.00170,0.0132,疑似已预期,0.243,0.000,
A2,外事·出访访问,中频,sh000035,上证金融,"[-1,+1]",指数调整,111,327,-0.00159,-0.00219,0.01379,-1.213,0.2279,0.4231,,-0.00417,0.00091,0.0132,疑似已预期,0.243,0.000,
A2,外事·出访访问,中频,sh000035,上证金融,"[-5,+5]",市场模型,111,327,-0.00633,-0.00787,0.02492,-2.676,0.0086,0.1249,,-0.01082,-0.00186,0.0132,疑似已预期,0.243,0.000,
A2,外事·出访访问,中频,sh000035,上证金融,"[-5,+5]",指数调整,111,327,-0.00948,-0.00863,0.02617,-3.818,0.0002,0.0012,**,-0.01447,-0.00458,0.0132,疑似已预期,0.243,0.000,
A2,外事·出访访问,中频,sh000036,上证消费,"[+1,+20]",市场模型,111,327,-0.01131,-0.01770,0.03477,-3.426,0.0009,0.0337,*,-0.01763,-0.00464,0.0213,疑似已预期,0.243,0.000,
A2,外事·出访访问,中频,sh000036,上证消费,"[+1,+20]",指数调整,111,327,-0.02432,-0.03040,0.03479,-7.364,0.0000,0.0000,***,-0.03096,-0.01794,0.0213,疑似已预期,0.243,0.000,
A2,外事·出访访问,中频,sh000036,上证消费,"[-1,+1]",市场模型,111,327,-0.00339,-0.00280,0.01391,-2.571,0.0115,0.1492,,-0.00594,-0.00080,0.0213,疑似已预期,0.243,0.000,
A2,外事·出访访问,中频,sh000036,上证消费,"[-1,+1]",指数调整,111,327,-0.00561,-0.00606,0.01511,-3.914,0.0002,0.0008,***,-0.00836,-0.00283,0.0213,疑似已预期,0.243,0.000,
A2,外事·出访访问,中频,sh000036,上证消费,"[-5,+5]",市场模型,111,327,-0.00746,-0.00648,0.02943,-2.669,0.0088,0.1249,,-0.01284,-0.00204,0.0213,疑似已预期,0.243,0.000,
A2,外事·出访访问,中频,sh000036,上证消费,"[-5,+5]",指数调整,111,327,-0.01663,-0.01724,0.03194,-5.487,0.0000,0.0000,***,-0.02246,-0.01057,0.0213,疑似已预期,0.243,0.000,
A2,外事·出访访问,中频,sh000037,上证医药,"[+1,+20]",市场模型,111,327,0.00750,-0.00336,0.05538,1.427,0.1565,0.5516,,-0.00300,0.01773,0.0005,疑似已预期,0.243,0.000,
A2,外事·出访访问,中频,sh000037,上证医药,"[+1,+20]",指数调整,111,327,-0.00598,-0.01455,0.05228,-1.205,0.2309,0.4261,,-0.01538,0.00422,0.0005,疑似已预期,0.243,0.000,
A2,外事·出访访问,中频,sh000037,上证医药,"[-1,+1]",市场模型,111,327,0.00003,-0.00099,0.01603,0.020,0.9840,0.9923,,-0.00298,0.00304,0.0005,疑似已预期,0.243,0.000,
A2,外事·出访访问,中频,sh000037,上证医药,"[-1,+1]",指数调整,111,327,-0.00203,-0.00154,0.01597,-1.340,0.1831,0.3643,,-0.00487,0.00094,0.0005,疑似已预期,0.243,0.000,
A2,外事·出访访问,中频,sh000037,上证医药,"[-5,+5]",市场模型,111,327,-0.00894,-0.01056,0.02969,-3.172,0.0020,0.0675,,-0.01453,-0.00356,0.0005,疑似已预期,0.243,0.000,
A2,外事·出访访问,中频,sh000037,上证医药,"[-5,+5]",指数调整,111,327,-0.01652,-0.01671,0.02890,-6.023,0.0000,0.0000,***,-0.02191,-0.01109,0.0005,疑似已预期,0.243,0.000,
A2,外事·出访访问,中频,sh000038,上证信息,"[+1,+20]",市场模型,111,327,0.00551,0.00530,0.02855,2.033,0.0445,0.3149,,0.00026,0.01081,0.2363,,0.243,0.000,
A2,外事·出访访问,中频,sh000038,上证信息,"[+1,+20]",指数调整,111,327,0.01004,0.01379,0.02804,3.773,0.0003,0.0014,**,0.00472,0.01521,0.2363,,0.243,0.000,
A2,外事·出访访问,中频,sh000038,上证信息,"[-1,+1]",市场模型,111,327,0.00284,0.00112,0.01376,2.174,0.0318,0.2659,,0.00022,0.00537,0.2363,,0.243,0.000,
A2,外事·出访访问,中频,sh000038,上证信息,"[-1,+1]",指数调整,111,327,0.00455,0.00384,0.01592,3.012,0.0032,0.0132,*,0.00167,0.00753,0.2363,,0.243,0.000,
A2,外事·出访访问,中频,sh000038,上证信息,"[-5,+5]",市场模型,111,327,0.00421,0.00580,0.02512,1.768,0.0799,0.4124,,-0.00059,0.00897,0.2363,,0.243,0.000,
A2,外事·出访访问,中频,sh000038,上证信息,"[-5,+5]",指数调整,111,327,0.00629,0.01007,0.02794,2.372,0.0194,0.0618,,0.00119,0.01130,0.2363,,0.243,0.000,
A2,外事·出访访问,中频,sz399808,中证新能,"[+1,+20]",市场模型,111,327,-0.00854,0.00017,0.05837,-1.541,0.1263,0.4972,,-0.01908,0.00243,0.0430,疑似已预期,0.243,0.000,
A2,外事·出访访问,中频,sz399808,中证新能,"[+1,+20]",指数调整,111,327,-0.01467,-0.00980,0.05007,-3.086,0.0026,0.0109,*,-0.02402,-0.00544,0.0430,疑似已预期,0.243,0.000,
A2,外事·出访访问,中频,sz399808,中证新能,"[-1,+1]",市场模型,111,327,-0.00101,-0.00163,0.01888,-0.565,0.5734,0.8155,,-0.00449,0.00247,0.0430,疑似已预期,0.243,0.000,
A2,外事·出访访问,中频,sz399808,中证新能,"[-1,+1]",指数调整,111,327,-0.00308,-0.00496,0.02078,-1.560,0.1217,0.2738,,-0.00686,0.00076,0.0430,疑似已预期,0.243,0.000,
A2,外事·出访访问,中频,sz399808,中证新能,"[-5,+5]",市场模型,111,327,-0.00325,-0.00316,0.03536,-0.967,0.3356,0.6888,,-0.00970,0.00334,0.0430,疑似已预期,0.243,0.000,
A2,外事·出访访问,中频,sz399808,中证新能,"[-5,+5]",指数调整,111,327,-0.00688,-0.01123,0.03922,-1.847,0.0674,0.1753,,-0.01388,0.00045,0.0430,疑似已预期,0.243,0.000,
A2,外事·出访访问,中频,sz399967,中证军工,"[+1,+20]",市场模型,111,327,0.00167,-0.00309,0.06269,0.281,0.7795,0.9063,,-0.01020,0.01322,0.5910,,0.243,0.000,
A2,外事·出访访问,中频,sz399967,中证军工,"[+1,+20]",指数调整,111,327,0.00066,0.00023,0.05349,0.130,0.8967,0.9624,,-0.00936,0.01060,0.5910,,0.243,0.000,
A2,外事·出访访问,中频,sz399967,中证军工,"[-1,+1]",市场模型,111,327,-0.00095,0.00034,0.02462,-0.406,0.6853,0.8535,,-0.00551,0.00355,0.5910,,0.243,0.000,
A2,外事·出访访问,中频,sz399967,中证军工,"[-1,+1]",指数调整,111,327,-0.00161,-0.00133,0.02419,-0.701,0.4850,0.7115,,-0.00612,0.00289,0.5910,,0.243,0.000,
A2,外事·出访访问,中频,sz399967,中证军工,"[-5,+5]",市场模型,111,327,-0.00423,-0.00578,0.04451,-1.002,0.3186,0.6812,,-0.01235,0.00426,0.5910,,0.243,0.000,
A2,外事·出访访问,中频,sz399967,中证军工,"[-5,+5]",指数调整,111,327,-0.00440,-0.00689,0.04233,-1.096,0.2754,0.4809,,-0.01223,0.00348,0.5910,,0.243,0.000,
A2,外事·出访访问,中频,sz399975,中证证券,"[+1,+20]",市场模型,111,327,0.01046,-0.00496,0.05424,2.031,0.0447,0.3149,,0.00067,0.02047,0.8864,,0.243,0.000,
A2,外事·出访访问,中频,sz399975,中证证券,"[+1,+20]",指数调整,111,327,0.00574,-0.00723,0.05127,1.180,0.2407,0.4386,,-0.00353,0.01536,0.8864,,0.243,0.000,
A2,外事·出访访问,中频,sz399975,中证证券,"[-1,+1]",市场模型,111,327,-0.00052,-0.00073,0.01729,-0.314,0.7538,0.8926,,-0.00376,0.00264,0.8864,,0.243,0.000,
A2,外事·出访访问,中频,sz399975,中证证券,"[-1,+1]",指数调整,111,327,-0.00214,-0.00346,0.01742,-1.295,0.1981,0.3902,,-0.00538,0.00103,0.8864,,0.243,0.000,
A2,外事·出访访问,中频,sz399975,中证证券,"[-5,+5]",市场模型,111,327,-0.00198,-0.00219,0.03374,-0.618,0.5381,0.8016,,-0.00804,0.00402,0.8864,,0.243,0.000,
A2,外事·出访访问,中频,sz399975,中证证券,"[-5,+5]",指数调整,111,327,-0.00600,-0.00729,0.03214,-1.967,0.0517,0.1427,,-0.01179,-0.00008,0.8864,,0.243,0.000,
A2,外事·出访访问,中频,sz399986,中证银行,"[+1,+20]",市场模型,111,327,0.00212,0.00413,0.03977,0.561,0.5757,0.8155,,-0.00528,0.00965,0.4041,,0.243,0.000,
A2,外事·出访访问,中频,sz399986,中证银行,"[+1,+20]",指数调整,111,327,0.00931,0.02189,0.04441,2.208,0.0293,0.0866,,0.00091,0.01736,0.4041,,0.243,0.000,
A2,外事·出访访问,中频,sz399986,中证银行,"[-1,+1]",市场模型,111,327,0.00357,0.00323,0.01577,2.387,0.0187,0.1942,,0.00069,0.00657,0.4041,,0.243,0.000,
A2,外事·出访访问,中频,sz399986,中证银行,"[-1,+1]",指数调整,111,327,0.00651,0.00788,0.02142,3.199,0.0018,0.0080,**,0.00252,0.01050,0.4041,,0.243,0.000,
A2,外事·出访访问,中频,sz399986,中证银行,"[-5,+5]",市场模型,111,327,0.00616,0.00540,0.02572,2.524,0.0130,0.1532,,0.00130,0.01086,0.4041,,0.243,0.000,
A2,外事·出访访问,中频,sz399986,中证银行,"[-5,+5]",指数调整,111,327,0.00983,0.01134,0.03262,3.175,0.0019,0.0084,**,0.00385,0.01603,0.4041,,0.243,0.000,
A2,外事·出访访问,中频,sz399997,中证白酒,"[+1,+20]",市场模型,111,327,-0.01654,-0.02355,0.04397,-3.964,0.0001,0.0077,**,-0.02464,-0.00832,0.0000,疑似已预期,0.243,0.000,
A2,外事·出访访问,中频,sz399997,中证白酒,"[+1,+20]",指数调整,111,327,-0.04261,-0.05280,0.04429,-10.135,0.0000,0.0000,***,-0.05079,-0.03439,0.0000,疑似已预期,0.243,0.000,
A2,外事·出访访问,中频,sz399997,中证白酒,"[-1,+1]",市场模型,111,327,-0.00401,-0.00564,0.01881,-2.248,0.0266,0.2321,,-0.00739,-0.00047,0.0000,疑似已预期,0.243,0.000,
A2,外事·出访访问,中频,sz399997,中证白酒,"[-1,+1]",指数调整,111,327,-0.00854,-0.00864,0.01918,-4.693,0.0000,0.0000,***,-0.01212,-0.00501,0.0000,疑似已预期,0.243,0.000,
A2,外事·出访访问,中频,sz399997,中证白酒,"[-5,+5]",市场模型,111,327,-0.00977,-0.01256,0.03599,-2.860,0.0051,0.1060,,-0.01661,-0.00320,0.0000,疑似已预期,0.243,0.000,
A2,外事·出访访问,中频,sz399997,中证白酒,"[-5,+5]",指数调整,111,327,-0.02629,-0.02869,0.03833,-7.227,0.0000,0.0000,***,-0.03314,-0.01922,0.0000,疑似已预期,0.243,0.000,
A3,会议·召开,中频,sh000001,上证综指,"[+1,+20]",市场模型,324,599,0.00061,0.00032,0.01561,0.701,0.4837,0.7744,,-0.00107,0.00230,0.2357,,0.108,0.012,
A3,会议·召开,中频,sh000001,上证综指,"[+1,+20]",指数调整,324,599,0.00126,0.00139,0.01547,1.465,0.1439,0.3116,,-0.00048,0.00290,0.2357,,0.108,0.012,
A3,会议·召开,中频,sh000001,上证综指,"[-1,+1]",市场模型,324,599,-0.00029,-0.00006,0.00585,-0.892,0.3728,0.7098,,-0.00092,0.00035,0.2357,,0.108,0.012,
A3,会议·召开,中频,sh000001,上证综指,"[-1,+1]",指数调整,324,599,-0.00040,-0.00009,0.00668,-1.068,0.2865,0.4974,,-0.00113,0.00031,0.2357,,0.108,0.012,
A3,会议·召开,中频,sh000001,上证综指,"[-5,+5]",市场模型,324,599,-0.00022,-0.00027,0.01147,-0.353,0.7245,0.8739,,-0.00145,0.00101,0.2357,,0.108,0.012,
A3,会议·召开,中频,sh000001,上证综指,"[-5,+5]",指数调整,324,599,0.00029,0.00117,0.01186,0.434,0.6649,0.8347,,-0.00104,0.00154,0.2357,,0.108,0.012,
A3,会议·召开,中频,sh000032,上证能源,"[+1,+20]",市场模型,324,599,0.00156,0.00472,0.07092,0.395,0.6930,0.8535,,-0.00626,0.00922,0.5721,,0.108,0.012,
A3,会议·召开,中频,sh000032,上证能源,"[+1,+20]",指数调整,324,599,-0.00195,-0.00407,0.07661,-0.458,0.6474,0.8252,,-0.01062,0.00645,0.5721,,0.108,0.012,
A3,会议·召开,中频,sh000032,上证能源,"[-1,+1]",市场模型,324,599,0.00085,0.00094,0.02626,0.586,0.5584,0.8125,,-0.00194,0.00373,0.5721,,0.108,0.012,
A3,会议·召开,中频,sh000032,上证能源,"[-1,+1]",指数调整,324,599,-0.00035,-0.00179,0.03075,-0.202,0.8400,0.9342,,-0.00373,0.00301,0.5721,,0.108,0.012,
A3,会议·召开,中频,sh000032,上证能源,"[-5,+5]",市场模型,324,599,-0.00036,-0.00038,0.04886,-0.132,0.8947,0.9657,,-0.00549,0.00500,0.5721,,0.108,0.012,
A3,会议·召开,中频,sh000032,上证能源,"[-5,+5]",指数调整,324,599,-0.00103,0.00075,0.05521,-0.335,0.7376,0.8718,,-0.00718,0.00493,0.5721,,0.108,0.012,
A3,会议·召开,中频,sh000033,上证材料,"[+1,+20]",市场模型,324,599,-0.00202,-0.00217,0.06459,-0.562,0.5746,0.8155,,-0.00907,0.00489,0.2554,,0.108,0.012,
A3,会议·召开,中频,sh000033,上证材料,"[+1,+20]",指数调整,324,599,0.00876,0.00512,0.05641,2.796,0.0055,0.0210,*,0.00285,0.01471,0.2554,,0.108,0.012,
A3,会议·召开,中频,sh000033,上证材料,"[-1,+1]",市场模型,324,599,-0.00105,-0.00077,0.02364,-0.801,0.4239,0.7470,,-0.00364,0.00147,0.2554,,0.108,0.012,
A3,会议·召开,中频,sh000033,上证材料,"[-1,+1]",指数调整,324,599,0.00099,0.00023,0.02308,0.772,0.4405,0.6728,,-0.00153,0.00346,0.2554,,0.108,0.012,
A3,会议·召开,中频,sh000033,上证材料,"[-5,+5]",市场模型,324,599,-0.00107,0.00090,0.04689,-0.412,0.6803,0.8535,,-0.00618,0.00393,0.2554,,0.108,0.012,
A3,会议·召开,中频,sh000033,上证材料,"[-5,+5]",指数调整,324,599,0.00477,0.00255,0.04393,1.955,0.0514,0.1425,,-0.00001,0.00962,0.2554,,0.108,0.012,
A3,会议·召开,中频,sh000034,上证工业,"[+1,+20]",市场模型,324,599,-0.00084,0.00303,0.03774,-0.402,0.6882,0.8535,,-0.00499,0.00328,0.0001,疑似已预期,0.108,0.012,
A3,会议·召开,中频,sh000034,上证工业,"[+1,+20]",指数调整,324,599,-0.00686,-0.00538,0.03424,-3.608,0.0004,0.0018,**,-0.01056,-0.00317,0.0001,疑似已预期,0.108,0.012,
A3,会议·召开,中频,sh000034,上证工业,"[-1,+1]",市场模型,324,599,-0.00065,-0.00169,0.01309,-0.897,0.3704,0.7098,,-0.00205,0.00072,0.0001,疑似已预期,0.108,0.012,
A3,会议·召开,中频,sh000034,上证工业,"[-1,+1]",指数调整,324,599,-0.00164,-0.00310,0.01312,-2.249,0.0252,0.0771,,-0.00302,-0.00023,0.0001,疑似已预期,0.108,0.012,
A3,会议·召开,中频,sh000034,上证工业,"[-5,+5]",市场模型,324,599,-0.00100,-0.00084,0.02588,-0.693,0.4888,0.7744,,-0.00372,0.00183,0.0001,疑似已预期,0.108,0.012,
A3,会议·召开,中频,sh000034,上证工业,"[-5,+5]",指数调整,324,599,-0.00408,-0.00535,0.02406,-3.054,0.0024,0.0105,*,-0.00669,-0.00147,0.0001,疑似已预期,0.108,0.012,
A3,会议·召开,中频,sh000035,上证金融,"[+1,+20]",市场模型,324,599,-0.00940,-0.01441,0.04134,-4.092,0.0001,0.0035,**,-0.01375,-0.00485,0.0000,疑似已预期,0.108,0.012,
A3,会议·召开,中频,sh000035,上证金融,"[+1,+20]",指数调整,324,599,-0.01584,-0.01231,0.03815,-7.472,0.0000,0.0000,***,-0.01979,-0.01166,0.0000,疑似已预期,0.108,0.012,
A3,会议·召开,中频,sh000035,上证金融,"[-1,+1]",市场模型,324,599,-0.00135,-0.00157,0.01650,-1.470,0.1424,0.5251,,-0.00314,0.00052,0.0000,疑似已预期,0.108,0.012,
A3,会议·召开,中频,sh000035,上证金融,"[-1,+1]",指数调整,324,599,-0.00232,-0.00276,0.01625,-2.574,0.0105,0.0368,*,-0.00406,-0.00047,0.0000,疑似已预期,0.108,0.012,
A3,会议·召开,中频,sh000035,上证金融,"[-5,+5]",市场模型,324,599,-0.00395,-0.00380,0.03098,-2.297,0.0223,0.2134,,-0.00725,-0.00050,0.0000,疑似已预期,0.108,0.012,
A3,会议·召开,中频,sh000035,上证金融,"[-5,+5]",指数调整,324,599,-0.00725,-0.00523,0.02846,-4.585,0.0000,0.0000,***,-0.01046,-0.00409,0.0000,疑似已预期,0.108,0.012,
A3,会议·召开,中频,sh000036,上证消费,"[+1,+20]",市场模型,324,599,-0.00199,-0.00890,0.04419,-0.812,0.4173,0.7447,,-0.00675,0.00280,0.0000,疑似已预期,0.108,0.012,
A3,会议·召开,中频,sh000036,上证消费,"[+1,+20]",指数调整,324,599,-0.01745,-0.02429,0.04612,-6.811,0.0000,0.0000,***,-0.02247,-0.01245,0.0000,疑似已预期,0.108,0.012,
A3,会议·召开,中频,sh000036,上证消费,"[-1,+1]",市场模型,324,599,-0.00058,-0.00220,0.01800,-0.577,0.5645,0.8134,,-0.00247,0.00133,0.0000,疑似已预期,0.108,0.012,
A3,会议·召开,中频,sh000036,上证消费,"[-1,+1]",指数调整,324,599,-0.00284,-0.00437,0.01967,-2.596,0.0099,0.0350,*,-0.00499,-0.00072,0.0000,疑似已预期,0.108,0.012,
A3,会议·召开,中频,sh000036,上证消费,"[-5,+5]",市场模型,324,599,0.00054,-0.00376,0.03346,0.290,0.7719,0.9005,,-0.00303,0.00432,0.0000,疑似已预期,0.108,0.012,
A3,会议·召开,中频,sh000036,上证消费,"[-5,+5]",指数调整,324,599,-0.00728,-0.01114,0.03651,-3.589,0.0004,0.0019,**,-0.01127,-0.00326,0.0000,疑似已预期,0.108,0.012,
A3,会议·召开,中频,sh000037,上证医药,"[+1,+20]",市场模型,324,599,0.00585,0.00014,0.05442,1.935,0.0539,0.3622,,-0.00001,0.01196,0.0239,疑似已预期,0.108,0.012,
A3,会议·召开,中频,sh000037,上证医药,"[+1,+20]",指数调整,324,599,-0.00590,-0.00708,0.05106,-2.079,0.0384,0.1095,,-0.01129,-0.00051,0.0239,疑似已预期,0.108,0.012,
A3,会议·召开,中频,sh000037,上证医药,"[-1,+1]",市场模型,324,599,0.00093,-0.00027,0.02023,0.823,0.4110,0.7447,,-0.00123,0.00318,0.0239,疑似已预期,0.108,0.012,
A3,会议·召开,中频,sh000037,上证医药,"[-1,+1]",指数调整,324,599,-0.00096,-0.00190,0.02017,-0.857,0.3921,0.6284,,-0.00315,0.00124,0.0239,疑似已预期,0.108,0.012,
A3,会议·召开,中频,sh000037,上证医药,"[-5,+5]",市场模型,324,599,0.00361,0.00080,0.03920,1.658,0.0983,0.4528,,-0.00075,0.00803,0.0239,疑似已预期,0.108,0.012,
A3,会议·召开,中频,sh000037,上证医药,"[-5,+5]",指数调整,324,599,-0.00283,-0.00559,0.03775,-1.350,0.1778,0.3574,,-0.00695,0.00138,0.0239,疑似已预期,0.108,0.012,
A3,会议·召开,中频,sh000038,上证信息,"[+1,+20]",市场模型,324,599,0.00213,0.00268,0.03922,0.977,0.3294,0.6858,,-0.00233,0.00644,0.9249,,0.108,0.012,
A3,会议·召开,中频,sh000038,上证信息,"[+1,+20]",指数调整,324,599,0.00085,0.00845,0.04244,0.361,0.7182,0.8702,,-0.00381,0.00536,0.9249,,0.108,0.012,
A3,会议·召开,中频,sh000038,上证信息,"[-1,+1]",市场模型,324,599,-0.00062,0.00025,0.01501,-0.745,0.4568,0.7659,,-0.00222,0.00102,0.9249,,0.108,0.012,
A3,会议·召开,中频,sh000038,上证信息,"[-1,+1]",指数调整,324,599,-0.00139,0.00035,0.01721,-1.454,0.1470,0.3139,,-0.00324,0.00044,0.9249,,0.108,0.012,
A3,会议·召开,中频,sh000038,上证信息,"[-5,+5]",市场模型,324,599,0.00096,-0.00150,0.03095,0.556,0.5788,0.8168,,-0.00247,0.00429,0.9249,,0.108,0.012,
A3,会议·召开,中频,sh000038,上证信息,"[-5,+5]",指数调整,324,599,0.00078,0.00485,0.03251,0.430,0.6676,0.8363,,-0.00272,0.00427,0.9249,,0.108,0.012,
A3,会议·召开,中频,sz399808,中证新能,"[+1,+20]",市场模型,324,599,-0.00512,-0.00019,0.05829,-1.581,0.1149,0.4872,,-0.01155,0.00135,0.1544,,0.108,0.012,
A3,会议·召开,中频,sz399808,中证新能,"[+1,+20]",指数调整,324,599,-0.00285,0.00061,0.05833,-0.878,0.3805,0.6150,,-0.00894,0.00365,0.1544,,0.108,0.012,
A3,会议·召开,中频,sz399808,中证新能,"[-1,+1]",市场模型,324,599,0.00008,-0.00040,0.02122,0.068,0.9456,0.9821,,-0.00222,0.00235,0.1544,,0.108,0.012,
A3,会议·召开,中频,sz399808,中证新能,"[-1,+1]",指数调整,324,599,0.00042,-0.00092,0.02231,0.342,0.7329,0.8711,,-0.00195,0.00296,0.1544,,0.108,0.012,
A3,会议·召开,中频,sz399808,中证新能,"[-5,+5]",市场模型,324,599,-0.00286,-0.00318,0.04394,-1.174,0.2414,0.6113,,-0.00768,0.00189,0.1544,,0.108,0.012,
A3,会议·召开,中频,sz399808,中证新能,"[-5,+5]",指数调整,324,599,-0.00318,-0.00049,0.04402,-1.302,0.1940,0.3833,,-0.00809,0.00146,0.1544,,0.108,0.012,
A3,会议·召开,中频,sz399967,中证军工,"[+1,+20]",市场模型,324,599,-0.00009,-0.00316,0.06834,-0.023,0.9813,0.9923,,-0.00754,0.00736,0.2963,,0.108,0.012,
A3,会议·召开,中频,sz399967,中证军工,"[+1,+20]",指数调整,324,599,0.00162,0.00319,0.06150,0.473,0.6367,0.8240,,-0.00500,0.00851,0.2963,,0.108,0.012,
A3,会议·召开,中频,sz399967,中证军工,"[-1,+1]",市场模型,324,599,0.00085,0.00095,0.02693,0.568,0.5702,0.8155,,-0.00210,0.00376,0.2963,,0.108,0.012,
A3,会议·召开,中频,sz399967,中证军工,"[-1,+1]",指数调整,324,599,0.00137,0.00216,0.02595,0.954,0.3409,0.5682,,-0.00142,0.00415,0.2963,,0.108,0.012,
A3,会议·召开,中频,sz399967,中证军工,"[-5,+5]",市场模型,324,599,0.00073,0.00056,0.05291,0.248,0.8039,0.9132,,-0.00496,0.00654,0.2963,,0.108,0.012,
A3,会议·召开,中频,sz399967,中证军工,"[-5,+5]",指数调整,324,599,0.00151,0.00122,0.04855,0.558,0.5771,0.7943,,-0.00374,0.00669,0.2963,,0.108,0.012,
A3,会议·召开,中频,sz399975,中证证券,"[+1,+20]",市场模型,324,599,-0.00120,-0.00741,0.05068,-0.427,0.6699,0.8535,,-0.00679,0.00415,0.2651,,0.108,0.012,
A3,会议·召开,中频,sz399975,中证证券,"[+1,+20]",指数调整,324,599,-0.00333,-0.01284,0.05140,-1.167,0.2442,0.4422,,-0.00877,0.00241,0.2651,,0.108,0.012,
A3,会议·召开,中频,sz399975,中证证券,"[-1,+1]",市场模型,324,599,-0.00031,-0.00174,0.01677,-0.334,0.7386,0.8802,,-0.00208,0.00144,0.2651,,0.108,0.012,
A3,会议·召开,中频,sz399975,中证证券,"[-1,+1]",指数调整,324,599,-0.00042,-0.00256,0.01888,-0.396,0.6922,0.8579,,-0.00242,0.00171,0.2651,,0.108,0.012,
A3,会议·召开,中频,sz399975,中证证券,"[-5,+5]",市场模型,324,599,0.00043,-0.00241,0.03526,0.222,0.8247,0.9251,,-0.00346,0.00429,0.2651,,0.108,0.012,
A3,会议·召开,中频,sz399975,中证证券,"[-5,+5]",指数调整,324,599,-0.00125,-0.00706,0.03614,-0.623,0.5340,0.7582,,-0.00519,0.00279,0.2651,,0.108,0.012,
A3,会议·召开,中频,sz399986,中证银行,"[+1,+20]",市场模型,324,599,0.00391,0.00956,0.04264,1.650,0.0998,0.4562,,-0.00088,0.00836,0.8580,,0.108,0.012,
A3,会议·召开,中频,sz399986,中证银行,"[+1,+20]",指数调整,324,599,0.00206,0.00922,0.05448,0.680,0.4968,0.7247,,-0.00397,0.00793,0.8580,,0.108,0.012,
A3,会议·召开,中频,sz399986,中证银行,"[-1,+1]",市场模型,324,599,-0.00053,-0.00009,0.01831,-0.521,0.6031,0.8319,,-0.00248,0.00147,0.8580,,0.108,0.012,
A3,会议·召开,中频,sz399986,中证银行,"[-1,+1]",指数调整,324,599,-0.00175,0.00056,0.02340,-1.344,0.1798,0.3589,,-0.00428,0.00077,0.8580,,0.108,0.012,
A3,会议·召开,中频,sz399986,中证银行,"[-5,+5]",市场模型,324,599,0.00082,0.00156,0.03665,0.403,0.6870,0.8535,,-0.00326,0.00474,0.8580,,0.108,0.012,
A3,会议·召开,中频,sz399986,中证银行,"[-5,+5]",指数调整,324,599,0.00074,0.00554,0.04182,0.320,0.7495,0.8799,,-0.00369,0.00531,0.8580,,0.108,0.012,
A3,会议·召开,中频,sz399997,中证白酒,"[+1,+20]",市场模型,324,599,-0.00357,-0.00864,0.05805,-1.106,0.2698,0.6363,,-0.00986,0.00276,0.0000,疑似已预期,0.108,0.012,
A3,会议·召开,中频,sz399997,中证白酒,"[+1,+20]",指数调整,324,599,-0.03091,-0.03283,0.05857,-9.498,0.0000,0.0000,***,-0.03706,-0.02457,0.0000,疑似已预期,0.108,0.012,
A3,会议·召开,中频,sz399997,中证白酒,"[-1,+1]",市场模型,324,599,-0.00199,-0.00577,0.02298,-1.560,0.1198,0.4971,,-0.00440,0.00054,0.0000,疑似已预期,0.108,0.012,
A3,会议·召开,中频,sz399997,中证白酒,"[-1,+1]",指数调整,324,599,-0.00579,-0.00908,0.02487,-4.189,0.0000,0.0002,***,-0.00851,-0.00307,0.0000,疑似已预期,0.108,0.012,
A3,会议·召开,中频,sz399997,中证白酒,"[-5,+5]",市场模型,324,599,-0.00178,-0.00527,0.04262,-0.753,0.4520,0.7659,,-0.00648,0.00301,0.0000,疑似已预期,0.108,0.012,
A3,会议·召开,中频,sz399997,中证白酒,"[-5,+5]",指数调整,324,599,-0.01606,-0.02157,0.04550,-6.354,0.0000,0.0000,***,-0.02106,-0.01118,0.0000,疑似已预期,0.108,0.012,
A4,会议·举行,高频,sh000001,上证综指,"[+1,+20]",市场模型,513,2373,-0.00087,-0.00177,0.01596,-1.235,0.2174,0.5894,,-0.00221,0.00052,0.8015,,0.113,0.000,
A4,会议·举行,高频,sh000001,上证综指,"[+1,+20]",指数调整,513,2373,-0.00010,0.00018,0.01529,-0.148,0.8821,0.9549,,-0.00141,0.00122,0.8015,,0.113,0.000,
A4,会议·举行,高频,sh000001,上证综指,"[-1,+1]",市场模型,513,2373,-0.00010,0.00008,0.00539,-0.417,0.6769,0.8535,,-0.00056,0.00037,0.8015,,0.113,0.000,
A4,会议·举行,高频,sh000001,上证综指,"[-1,+1]",指数调整,513,2373,-0.00002,0.00026,0.00603,-0.060,0.9523,0.9777,,-0.00054,0.00048,0.8015,,0.113,0.000,
A4,会议·举行,高频,sh000001,上证综指,"[-5,+5]",市场模型,513,2373,-0.00038,-0.00015,0.01108,-0.771,0.4408,0.7584,,-0.00135,0.00057,0.8015,,0.113,0.000,
A4,会议·举行,高频,sh000001,上证综指,"[-5,+5]",指数调整,513,2373,-0.00017,0.00035,0.01138,-0.347,0.7290,0.8711,,-0.00117,0.00081,0.8015,,0.113,0.000,
A4,会议·举行,高频,sh000032,上证能源,"[+1,+20]",市场模型,513,2373,-0.00536,0.00080,0.06731,-1.803,0.0719,0.4044,,-0.01102,0.00046,0.0687,疑似已预期,0.113,0.000,
A4,会议·举行,高频,sh000032,上证能源,"[+1,+20]",指数调整,513,2373,-0.00564,-0.00753,0.07396,-1.726,0.0849,0.2103,,-0.01190,0.00063,0.0687,疑似已预期,0.113,0.000,
A4,会议·举行,高频,sh000032,上证能源,"[-1,+1]",市场模型,513,2373,-0.00144,-0.00131,0.02551,-1.278,0.2020,0.5894,,-0.00356,0.00080,0.0687,疑似已预期,0.113,0.000,
A4,会议·举行,高频,sh000032,上证能源,"[-1,+1]",指数调整,513,2373,-0.00157,-0.00235,0.02934,-1.214,0.2254,0.4209,,-0.00409,0.00097,0.0687,疑似已预期,0.113,0.000,
A4,会议·举行,高频,sh000032,上证能源,"[-5,+5]",市场模型,513,2373,-0.00513,-0.00452,0.05039,-2.305,0.0215,0.2101,,-0.00949,-0.00070,0.0687,疑似已预期,0.113,0.000,
A4,会议·举行,高频,sh000032,上证能源,"[-5,+5]",指数调整,513,2373,-0.00603,-0.00510,0.05628,-2.428,0.0155,0.0505,,-0.01090,-0.00129,0.0687,疑似已预期,0.113,0.000,
A4,会议·举行,高频,sh000033,上证材料,"[+1,+20]",市场模型,513,2373,-0.00697,-0.00257,0.06246,-2.529,0.0117,0.1492,,-0.01240,-0.00166,0.1075,,0.113,0.000,
A4,会议·举行,高频,sh000033,上证材料,"[+1,+20]",指数调整,513,2373,0.00295,0.00040,0.05329,1.254,0.2103,0.4033,,-0.00176,0.00760,0.1075,,0.113,0.000,
A4,会议·举行,高频,sh000033,上证材料,"[-1,+1]",市场模型,513,2373,-0.00075,-0.00024,0.02173,-0.785,0.4327,0.7568,,-0.00267,0.00110,0.1075,,0.113,0.000,
A4,会议·举行,高频,sh000033,上证材料,"[-1,+1]",指数调整,513,2373,0.00075,0.00041,0.02102,0.813,0.4164,0.6485,,-0.00105,0.00262,0.1075,,0.113,0.000,
A4,会议·举行,高频,sh000033,上证材料,"[-5,+5]",市场模型,513,2373,-0.00395,-0.00173,0.04396,-2.036,0.0422,0.3093,,-0.00790,-0.00014,0.1075,,0.113,0.000,
A4,会议·举行,高频,sh000033,上证材料,"[-5,+5]",指数调整,513,2373,0.00202,0.00047,0.04036,1.135,0.2569,0.4554,,-0.00136,0.00545,0.1075,,0.113,0.000,
A4,会议·举行,高频,sh000034,上证工业,"[+1,+20]",市场模型,513,2373,-0.00304,0.00237,0.03704,-1.858,0.0637,0.3867,,-0.00628,0.00021,0.0000,疑似已预期,0.113,0.000,
A4,会议·举行,高频,sh000034,上证工业,"[+1,+20]",指数调整,513,2373,-0.00887,-0.00634,0.03367,-5.964,0.0000,0.0000,***,-0.01184,-0.00599,0.0000,疑似已预期,0.113,0.000,
A4,会议·举行,高频,sh000034,上证工业,"[-1,+1]",市场模型,513,2373,-0.00038,-0.00157,0.01230,-0.697,0.4860,0.7744,,-0.00146,0.00072,0.0000,疑似已预期,0.113,0.000,
A4,会议·举行,高频,sh000034,上证工业,"[-1,+1]",指数调整,513,2373,-0.00129,-0.00245,0.01250,-2.337,0.0198,0.0627,,-0.00237,-0.00021,0.0000,疑似已预期,0.113,0.000,
A4,会议·举行,高频,sh000034,上证工业,"[-5,+5]",市场模型,513,2373,-0.00192,-0.00233,0.02559,-1.701,0.0896,0.4334,,-0.00412,0.00032,0.0000,疑似已预期,0.113,0.000,
A4,会议·举行,高频,sh000034,上证工业,"[-5,+5]",指数调整,513,2373,-0.00524,-0.00694,0.02438,-4.864,0.0000,0.0000,***,-0.00725,-0.00307,0.0000,疑似已预期,0.113,0.000,
A4,会议·举行,高频,sh000035,上证金融,"[+1,+20]",市场模型,513,2373,-0.00805,-0.01559,0.04082,-4.467,0.0000,0.0012,**,-0.01170,-0.00456,0.0000,疑似已预期,0.113,0.000,
A4,会议·举行,高频,sh000035,上证金融,"[+1,+20]",指数调整,513,2373,-0.01505,-0.01378,0.03740,-9.116,0.0000,0.0000,***,-0.01840,-0.01183,0.0000,疑似已预期,0.113,0.000,
A4,会议·举行,高频,sh000035,上证金融,"[-1,+1]",市场模型,513,2373,-0.00066,-0.00126,0.01561,-0.964,0.3355,0.6888,,-0.00205,0.00068,0.0000,疑似已预期,0.113,0.000,
A4,会议·举行,高频,sh000035,上证金融,"[-1,+1]",指数调整,513,2373,-0.00177,-0.00249,0.01572,-2.550,0.0111,0.0383,*,-0.00314,-0.00038,0.0000,疑似已预期,0.113,0.000,
A4,会议·举行,高频,sh000035,上证金融,"[-5,+5]",市场模型,513,2373,-0.00374,-0.00471,0.02993,-2.829,0.0049,0.1060,,-0.00627,-0.00097,0.0000,疑似已预期,0.113,0.000,
A4,会议·举行,高频,sh000035,上证金融,"[-5,+5]",指数调整,513,2373,-0.00787,-0.00561,0.02860,-6.230,0.0000,0.0000,***,-0.01036,-0.00555,0.0000,疑似已预期,0.113,0.000,
A4,会议·举行,高频,sh000036,上证消费,"[+1,+20]",市场模型,513,2373,-0.00184,-0.00855,0.04600,-0.907,0.3647,0.7098,,-0.00579,0.00202,0.0000,疑似已预期,0.113,0.000,
A4,会议·举行,高频,sh000036,上证消费,"[+1,+20]",指数调整,513,2373,-0.01757,-0.02373,0.04750,-8.381,0.0000,0.0000,***,-0.02164,-0.01349,0.0000,疑似已预期,0.113,0.000,
A4,会议·举行,高频,sh000036,上证消费,"[-1,+1]",市场模型,513,2373,-0.00021,-0.00238,0.01741,-0.275,0.7831,0.9063,,-0.00164,0.00131,0.0000,疑似已预期,0.113,0.000,
A4,会议·举行,高频,sh000036,上证消费,"[-1,+1]",指数调整,513,2373,-0.00247,-0.00435,0.01946,-2.870,0.0043,0.0166,*,-0.00416,-0.00081,0.0000,疑似已预期,0.113,0.000,
A4,会议·举行,高频,sh000036,上证消费,"[-5,+5]",市场模型,513,2373,-0.00097,-0.00432,0.03310,-0.666,0.5058,0.7842,,-0.00374,0.00186,0.0000,疑似已预期,0.113,0.000,
A4,会议·举行,高频,sh000036,上证消费,"[-5,+5]",指数调整,513,2373,-0.00971,-0.01347,0.03629,-6.062,0.0000,0.0000,***,-0.01277,-0.00655,0.0000,疑似已预期,0.113,0.000,
A4,会议·举行,高频,sh000037,上证医药,"[+1,+20]",市场模型,513,2373,0.00715,-0.00029,0.05651,2.867,0.0043,0.1008,,0.00235,0.01209,0.2260,,0.113,0.000,
A4,会议·举行,高频,sh000037,上证医药,"[+1,+20]",指数调整,513,2373,-0.00519,-0.00694,0.05277,-2.228,0.0263,0.0798,,-0.00963,-0.00064,0.2260,,0.113,0.000,
A4,会议·举行,高频,sh000037,上证医药,"[-1,+1]",市场模型,513,2373,0.00108,-0.00053,0.01936,1.268,0.2054,0.5894,,-0.00065,0.00279,0.2260,,0.113,0.000,
A4,会议·举行,高频,sh000037,上证医药,"[-1,+1]",指数调整,513,2373,-0.00074,-0.00211,0.01939,-0.868,0.3859,0.6202,,-0.00241,0.00088,0.2260,,0.113,0.000,
A4,会议·举行,高频,sh000037,上证医药,"[-5,+5]",市场模型,513,2373,0.00386,0.00010,0.03895,2.247,0.0251,0.2255,,0.00055,0.00723,0.2260,,0.113,0.000,
A4,会议·举行,高频,sh000037,上证医药,"[-5,+5]",指数调整,513,2373,-0.00301,-0.00656,0.03765,-1.813,0.0704,0.1806,,-0.00613,0.00026,0.2260,,0.113,0.000,
A4,会议·举行,高频,sh000038,上证信息,"[+1,+20]",市场模型,513,2373,0.00090,0.00274,0.04116,0.497,0.6195,0.8351,,-0.00268,0.00437,0.9615,,0.113,0.000,
A4,会议·举行,高频,sh000038,上证信息,"[+1,+20]",指数调整,513,2373,0.00137,0.00852,0.04383,0.707,0.4801,0.7115,,-0.00247,0.00512,0.9615,,0.113,0.000,
A4,会议·举行,高频,sh000038,上证信息,"[-1,+1]",市场模型,513,2373,0.00032,0.00048,0.01424,0.506,0.6133,0.8334,,-0.00084,0.00159,0.9615,,0.113,0.000,
A4,会议·举行,高频,sh000038,上证信息,"[-1,+1]",指数调整,513,2373,0.00034,0.00075,0.01709,0.454,0.6503,0.8252,,-0.00115,0.00183,0.9615,,0.113,0.000,
A4,会议·举行,高频,sh000038,上证信息,"[-5,+5]",市场模型,513,2373,0.00050,0.00067,0.03064,0.366,0.7142,0.8718,,-0.00220,0.00313,0.9615,,0.113,0.000,
A4,会议·举行,高频,sh000038,上证信息,"[-5,+5]",指数调整,513,2373,0.00023,0.00332,0.03305,0.156,0.8759,0.9542,,-0.00248,0.00313,0.9615,,0.113,0.000,
A4,会议·举行,高频,sz399808,中证新能,"[+1,+20]",市场模型,513,2373,-0.00190,0.00385,0.06136,-0.700,0.4845,0.7744,,-0.00708,0.00337,0.1477,,0.113,0.000,
A4,会议·举行,高频,sz399808,中证新能,"[+1,+20]",指数调整,513,2373,-0.00333,0.00057,0.06113,-1.236,0.2172,0.4112,,-0.00873,0.00205,0.1477,,0.113,0.000,
A4,会议·举行,高频,sz399808,中证新能,"[-1,+1]",市场模型,513,2373,-0.00040,-0.00086,0.02205,-0.415,0.6785,0.8535,,-0.00229,0.00157,0.1477,,0.113,0.000,
A4,会议·举行,高频,sz399808,中证新能,"[-1,+1]",指数调整,513,2373,-0.00083,-0.00175,0.02274,-0.824,0.4100,0.6448,,-0.00277,0.00118,0.1477,,0.113,0.000,
A4,会议·举行,高频,sz399808,中证新能,"[-5,+5]",市场模型,513,2373,-0.00166,-0.00206,0.04494,-0.835,0.4044,0.7434,,-0.00547,0.00222,0.1477,,0.113,0.000,
A4,会议·举行,高频,sz399808,中证新能,"[-5,+5]",指数调整,513,2373,-0.00264,-0.00044,0.04386,-1.364,0.1730,0.3527,,-0.00658,0.00120,0.1477,,0.113,0.000,
A4,会议·举行,高频,sz399967,中证军工,"[+1,+20]",市场模型,513,2373,-0.00071,-0.00245,0.07042,-0.228,0.8197,0.9251,,-0.00674,0.00538,0.9492,,0.113,0.000,
A4,会议·举行,高频,sz399967,中证军工,"[+1,+20]",指数调整,513,2373,-0.00103,0.00023,0.06201,-0.375,0.7077,0.8679,,-0.00625,0.00439,0.9492,,0.113,0.000,
A4,会议·举行,高频,sz399967,中证军工,"[-1,+1]",市场模型,513,2373,0.00002,0.00002,0.02504,0.015,0.9883,0.9923,,-0.00221,0.00218,0.9492,,0.113,0.000,
A4,会议·举行,高频,sz399967,中证军工,"[-1,+1]",指数调整,513,2373,0.00001,-0.00054,0.02441,0.007,0.9947,0.9981,,-0.00214,0.00209,0.9492,,0.113,0.000,
A4,会议·举行,高频,sz399967,中证军工,"[-5,+5]",市场模型,513,2373,0.00077,0.00240,0.05042,0.348,0.7283,0.8767,,-0.00362,0.00512,0.9492,,0.113,0.000,
A4,会议·举行,高频,sz399967,中证军工,"[-5,+5]",指数调整,513,2373,0.00093,0.00102,0.04637,0.457,0.6481,0.8252,,-0.00311,0.00487,0.9492,,0.113,0.000,
A4,会议·举行,高频,sz399975,中证证券,"[+1,+20]",市场模型,513,2373,0.00239,-0.00356,0.05238,1.034,0.3017,0.6789,,-0.00222,0.00711,0.7557,,0.113,0.000,
A4,会议·举行,高频,sz399975,中证证券,"[+1,+20]",指数调整,513,2373,-0.00099,-0.00782,0.05079,-0.443,0.6578,0.8289,,-0.00550,0.00346,0.7557,,0.113,0.000,
A4,会议·举行,高频,sz399975,中证证券,"[-1,+1]",市场模型,513,2373,0.00086,-0.00121,0.01755,1.105,0.2695,0.6363,,-0.00062,0.00241,0.7557,,0.113,0.000,
A4,会议·举行,高频,sz399975,中证证券,"[-1,+1]",指数调整,513,2373,0.00029,-0.00176,0.01902,0.345,0.7304,0.8711,,-0.00133,0.00199,0.7557,,0.113,0.000,
A4,会议·举行,高频,sz399975,中证证券,"[-5,+5]",市场模型,513,2373,0.00244,-0.00236,0.03674,1.507,0.1325,0.5083,,-0.00076,0.00564,0.7557,,0.113,0.000,
A4,会议·举行,高频,sz399975,中证证券,"[-5,+5]",指数调整,513,2373,0.00033,-0.00572,0.03699,0.202,0.8396,0.9342,,-0.00296,0.00357,0.7557,,0.113,0.000,
A4,会议·举行,高频,sz399986,中证银行,"[+1,+20]",市场模型,513,2373,-0.00051,0.00273,0.04429,-0.263,0.7924,0.9090,,-0.00442,0.00335,0.8189,,0.113,0.000,
A4,会议·举行,高频,sz399986,中证银行,"[+1,+20]",指数调整,513,2373,0.00081,0.00815,0.05523,0.332,0.7398,0.8726,,-0.00401,0.00563,0.8189,,0.113,0.000,
A4,会议·举行,高频,sz399986,中证银行,"[-1,+1]",市场模型,513,2373,-0.00001,0.00001,0.01728,-0.014,0.9890,0.9923,,-0.00152,0.00149,0.8189,,0.113,0.000,
A4,会议·举行,高频,sz399986,中证银行,"[-1,+1]",指数调整,513,2373,0.00012,0.00059,0.02275,0.115,0.9083,0.9683,,-0.00190,0.00211,0.8189,,0.113,0.000,
A4,会议·举行,高频,sz399986,中证银行,"[-5,+5]",市场模型,513,2373,-0.00057,0.00170,0.03625,-0.358,0.7204,0.8718,,-0.00376,0.00252,0.8189,,0.113,0.000,
A4,会议·举行,高频,sz399986,中证银行,"[-5,+5]",指数调整,513,2373,-0.00065,0.00282,0.04187,-0.352,0.7249,0.8711,,-0.00422,0.00299,0.8189,,0.113,0.000,
A4,会议·举行,高频,sz399997,中证白酒,"[+1,+20]",市场模型,513,2373,-0.00341,-0.01473,0.06015,-1.283,0.2002,0.5894,,-0.00865,0.00175,0.0000,疑似已预期,0.113,0.000,
A4,会议·举行,高频,sz399997,中证白酒,"[+1,+20]",指数调整,513,2373,-0.03137,-0.03669,0.06043,-11.758,0.0000,0.0000,***,-0.03653,-0.02613,0.0000,疑似已预期,0.113,0.000,
A4,会议·举行,高频,sz399997,中证白酒,"[-1,+1]",市场模型,513,2373,-0.00079,-0.00424,0.02265,-0.792,0.4289,0.7534,,-0.00274,0.00114,0.0000,疑似已预期,0.113,0.000,
A4,会议·举行,高频,sz399997,中证白酒,"[-1,+1]",指数调整,513,2373,-0.00481,-0.00789,0.02475,-4.399,0.0000,0.0001,***,-0.00693,-0.00260,0.0000,疑似已预期,0.113,0.000,
A4,会议·举行,高频,sz399997,中证白酒,"[-5,+5]",市场模型,513,2373,-0.00247,-0.00585,0.04224,-1.323,0.1863,0.5894,,-0.00604,0.00128,0.0000,疑似已预期,0.113,0.000,
A4,会议·举行,高频,sz399997,中证白酒,"[-5,+5]",指数调整,513,2373,-0.01766,-0.02152,0.04506,-8.876,0.0000,0.0000,***,-0.02144,-0.01389,0.0000,疑似已预期,0.113,0.000,
A5,政策·发布印发,高频,sh000001,上证综指,"[+1,+20]",市场模型,546,2125,-0.00032,-0.00022,0.01630,-0.463,0.6439,0.8426,,-0.00163,0.00106,0.9318,,0.104,0.004,
A5,政策·发布印发,高频,sh000001,上证综指,"[+1,+20]",指数调整,546,2125,0.00051,0.00102,0.01549,0.775,0.4389,0.6721,,-0.00081,0.00179,0.9318,,0.104,0.004,
A5,政策·发布印发,高频,sh000001,上证综指,"[-1,+1]",市场模型,546,2125,-0.00001,0.00014,0.00547,-0.063,0.9502,0.9821,,-0.00046,0.00044,0.9318,,0.104,0.004,
A5,政策·发布印发,高频,sh000001,上证综指,"[-1,+1]",指数调整,546,2125,0.00003,0.00025,0.00607,0.115,0.9085,0.9683,,-0.00046,0.00054,0.9318,,0.104,0.004,
A5,政策·发布印发,高频,sh000001,上证综指,"[-5,+5]",市场模型,546,2125,-0.00026,-0.00015,0.01150,-0.531,0.5959,0.8280,,-0.00123,0.00069,0.9318,,0.104,0.004,
A5,政策·发布印发,高频,sh000001,上证综指,"[-5,+5]",指数调整,546,2125,0.00008,0.00065,0.01156,0.152,0.8795,0.9546,,-0.00090,0.00105,0.9318,,0.104,0.004,
A5,政策·发布印发,高频,sh000032,上证能源,"[+1,+20]",市场模型,546,2125,-0.00457,0.00124,0.06828,-1.563,0.1187,0.4971,,-0.01025,0.00114,0.1112,,0.104,0.004,
A5,政策·发布印发,高频,sh000032,上证能源,"[+1,+20]",指数调整,546,2125,-0.00563,-0.00745,0.07374,-1.785,0.0749,0.1888,,-0.01172,0.00051,0.1112,,0.104,0.004,
A5,政策·发布印发,高频,sh000032,上证能源,"[-1,+1]",市场模型,546,2125,-0.00040,0.00001,0.02519,-0.373,0.7091,0.8715,,-0.00253,0.00168,0.1112,,0.104,0.004,
A5,政策·发布印发,高频,sh000032,上证能源,"[-1,+1]",指数调整,546,2125,-0.00086,-0.00186,0.02858,-0.706,0.4805,0.7115,,-0.00339,0.00159,0.1112,,0.104,0.004,
A5,政策·发布印发,高频,sh000032,上证能源,"[-5,+5]",市场模型,546,2125,-0.00255,-0.00234,0.04838,-1.232,0.2186,0.5894,,-0.00658,0.00157,0.1112,,0.104,0.004,
A5,政策·发布印发,高频,sh000032,上证能源,"[-5,+5]",指数调整,546,2125,-0.00367,-0.00397,0.05426,-1.582,0.1143,0.2622,,-0.00821,0.00064,0.1112,,0.104,0.004,
A5,政策·发布印发,高频,sh000033,上证材料,"[+1,+20]",市场模型,546,2125,-0.00352,-0.00085,0.06171,-1.334,0.1827,0.5894,,-0.00883,0.00165,0.0338,疑似已预期,0.104,0.004,
A5,政策·发布印发,高频,sh000033,上证材料,"[+1,+20]",指数调整,546,2125,0.00597,0.00471,0.05333,2.614,0.0092,0.0330,*,0.00161,0.01038,0.0338,疑似已预期,0.104,0.004,
A5,政策·发布印发,高频,sh000033,上证材料,"[-1,+1]",市场模型,546,2125,-0.00084,-0.00023,0.02199,-0.890,0.3737,0.7098,,-0.00263,0.00100,0.0338,疑似已预期,0.104,0.004,
A5,政策·发布印发,高频,sh000033,上证材料,"[-1,+1]",指数调整,546,2125,0.00070,0.00047,0.02149,0.757,0.4496,0.6849,,-0.00110,0.00252,0.0338,疑似已预期,0.104,0.004,
A5,政策·发布印发,高频,sh000033,上证材料,"[-5,+5]",市场模型,546,2125,-0.00216,0.00020,0.04476,-1.127,0.2604,0.6363,,-0.00586,0.00152,0.0338,疑似已预期,0.104,0.004,
A5,政策·发布印发,高频,sh000033,上证材料,"[-5,+5]",指数调整,546,2125,0.00331,0.00199,0.04130,1.873,0.0616,0.1622,,-0.00016,0.00674,0.0338,疑似已预期,0.104,0.004,
A5,政策·发布印发,高频,sh000034,上证工业,"[+1,+20]",市场模型,546,2125,-0.00287,0.00292,0.03706,-1.809,0.0709,0.4044,,-0.00602,0.00024,0.0000,疑似已预期,0.104,0.004,
A5,政策·发布印发,高频,sh000034,上证工业,"[+1,+20]",指数调整,546,2125,-0.00905,-0.00739,0.03359,-6.295,0.0000,0.0000,***,-0.01188,-0.00623,0.0000,疑似已预期,0.104,0.004,
A5,政策·发布印发,高频,sh000034,上证工业,"[-1,+1]",市场模型,546,2125,-0.00042,-0.00160,0.01227,-0.809,0.4190,0.7448,,-0.00147,0.00061,0.0000,疑似已预期,0.104,0.004,
A5,政策·发布印发,高频,sh000034,上证工业,"[-1,+1]",指数调整,546,2125,-0.00140,-0.00262,0.01248,-2.628,0.0088,0.0319,*,-0.00245,-0.00032,0.0000,疑似已预期,0.104,0.004,
A5,政策·发布印发,高频,sh000034,上证工业,"[-5,+5]",市场模型,546,2125,-0.00164,-0.00152,0.02548,-1.502,0.1337,0.5083,,-0.00380,0.00057,0.0000,疑似已预期,0.104,0.004,
A5,政策·发布印发,高频,sh000034,上证工业,"[-5,+5]",指数调整,546,2125,-0.00508,-0.00665,0.02420,-4.903,0.0000,0.0000,***,-0.00712,-0.00308,0.0000,疑似已预期,0.104,0.004,
A5,政策·发布印发,高频,sh000035,上证金融,"[+1,+20]",市场模型,546,2125,-0.00742,-0.01329,0.04054,-4.279,0.0000,0.0016,**,-0.01079,-0.00393,0.0000,疑似已预期,0.104,0.004,
A5,政策·发布印发,高频,sh000035,上证金融,"[+1,+20]",指数调整,546,2125,-0.01457,-0.01224,0.03708,-9.180,0.0000,0.0000,***,-0.01771,-0.01152,0.0000,疑似已预期,0.104,0.004,
A5,政策·发布印发,高频,sh000035,上证金融,"[-1,+1]",市场模型,546,2125,-0.00105,-0.00157,0.01536,-1.599,0.1105,0.4753,,-0.00237,0.00023,0.0000,疑似已预期,0.104,0.004,
A5,政策·发布印发,高频,sh000035,上证金融,"[-1,+1]",指数调整,546,2125,-0.00216,-0.00256,0.01550,-3.256,0.0012,0.0055,**,-0.00344,-0.00088,0.0000,疑似已预期,0.104,0.004,
A5,政策·发布印发,高频,sh000035,上证金融,"[-5,+5]",市场模型,546,2125,-0.00329,-0.00446,0.02913,-2.641,0.0085,0.1249,,-0.00571,-0.00085,0.0000,疑似已预期,0.104,0.004,
A5,政策·发布印发,高频,sh000035,上证金融,"[-5,+5]",指数调整,546,2125,-0.00738,-0.00573,0.02767,-6.229,0.0000,0.0000,***,-0.00966,-0.00500,0.0000,疑似已预期,0.104,0.004,
A5,政策·发布印发,高频,sh000036,上证消费,"[+1,+20]",市场模型,546,2125,-0.00168,-0.00759,0.04531,-0.867,0.3862,0.7265,,-0.00550,0.00207,0.0000,疑似已预期,0.104,0.004,
A5,政策·发布印发,高频,sh000036,上证消费,"[+1,+20]",指数调整,546,2125,-0.01753,-0.02345,0.04681,-8.751,0.0000,0.0000,***,-0.02149,-0.01351,0.0000,疑似已预期,0.104,0.004,
A5,政策·发布印发,高频,sh000036,上证消费,"[-1,+1]",市场模型,546,2125,-0.00014,-0.00224,0.01717,-0.189,0.8505,0.9415,,-0.00160,0.00135,0.0000,疑似已预期,0.104,0.004,
A5,政策·发布印发,高频,sh000036,上证消费,"[-1,+1]",指数调整,546,2125,-0.00247,-0.00422,0.01894,-3.044,0.0024,0.0105,*,-0.00410,-0.00087,0.0000,疑似已预期,0.104,0.004,
A5,政策·发布印发,高频,sh000036,上证消费,"[-5,+5]",市场模型,546,2125,-0.00013,-0.00339,0.03267,-0.094,0.9248,0.9760,,-0.00286,0.00264,0.0000,疑似已预期,0.104,0.004,
A5,政策·发布印发,高频,sh000036,上证消费,"[-5,+5]",指数调整,546,2125,-0.00882,-0.01210,0.03569,-5.777,0.0000,0.0000,***,-0.01176,-0.00576,0.0000,疑似已预期,0.104,0.004,
A5,政策·发布印发,高频,sh000037,上证医药,"[+1,+20]",市场模型,546,2125,0.00593,-0.00014,0.05467,2.537,0.0115,0.1492,,0.00129,0.01046,0.1512,,0.104,0.004,
A5,政策·发布印发,高频,sh000037,上证医药,"[+1,+20]",指数调整,546,2125,-0.00559,-0.00564,0.05116,-2.554,0.0109,0.0380,*,-0.00988,-0.00112,0.1512,,0.104,0.004,
A5,政策·发布印发,高频,sh000037,上证医药,"[-1,+1]",市场模型,546,2125,0.00105,-0.00059,0.01900,1.289,0.1978,0.5894,,-0.00048,0.00267,0.1512,,0.104,0.004,
A5,政策·发布印发,高频,sh000037,上证医药,"[-1,+1]",指数调整,546,2125,-0.00073,-0.00211,0.01897,-0.895,0.3710,0.6046,,-0.00234,0.00087,0.1512,,0.104,0.004,
A5,政策·发布印发,高频,sh000037,上证医药,"[-5,+5]",市场模型,546,2125,0.00373,0.00106,0.03830,2.276,0.0232,0.2159,,0.00058,0.00693,0.1512,,0.104,0.004,
A5,政策·发布印发,高频,sh000037,上证医药,"[-5,+5]",指数调整,546,2125,-0.00270,-0.00612,0.03717,-1.695,0.0907,0.2156,,-0.00575,0.00039,0.1512,,0.104,0.004,
A5,政策·发布印发,高频,sh000038,上证信息,"[+1,+20]",市场模型,546,2125,-0.00047,0.00129,0.04112,-0.265,0.7913,0.9090,,-0.00384,0.00290,0.5994,,0.104,0.004,
A5,政策·发布印发,高频,sh000038,上证信息,"[+1,+20]",指数调整,546,2125,0.00031,0.00826,0.04391,0.163,0.8709,0.9521,,-0.00339,0.00409,0.5994,,0.104,0.004,
A5,政策·发布印发,高频,sh000038,上证信息,"[-1,+1]",市场模型,546,2125,0.00006,0.00045,0.01444,0.099,0.9215,0.9748,,-0.00117,0.00125,0.5994,,0.104,0.004,
A5,政策·发布印发,高频,sh000038,上证信息,"[-1,+1]",指数调整,546,2125,-0.00002,0.00065,0.01700,-0.029,0.9767,0.9924,,-0.00143,0.00139,0.5994,,0.104,0.004,
A5,政策·发布印发,高频,sh000038,上证信息,"[-5,+5]",市场模型,546,2125,-0.00027,-0.00069,0.03081,-0.205,0.8376,0.9333,,-0.00276,0.00229,0.5994,,0.104,0.004,
A5,政策·发布印发,高频,sh000038,上证信息,"[-5,+5]",指数调整,546,2125,-0.00015,0.00395,0.03330,-0.109,0.9135,0.9716,,-0.00292,0.00253,0.5994,,0.104,0.004,
A5,政策·发布印发,高频,sz399808,中证新能,"[+1,+20]",市场模型,546,2125,-0.00219,0.00057,0.06012,-0.850,0.3955,0.7345,,-0.00709,0.00290,0.4231,,0.104,0.004,
A5,政策·发布印发,高频,sz399808,中证新能,"[+1,+20]",指数调整,546,2125,-0.00362,-0.00069,0.06072,-1.393,0.1641,0.3403,,-0.00862,0.00150,0.4231,,0.104,0.004,
A5,政策·发布印发,高频,sz399808,中证新能,"[-1,+1]",市场模型,546,2125,-0.00054,-0.00088,0.02114,-0.601,0.5481,0.8083,,-0.00229,0.00120,0.4231,,0.104,0.004,
A5,政策·发布印发,高频,sz399808,中证新能,"[-1,+1]",指数调整,546,2125,-0.00083,-0.00181,0.02159,-0.896,0.3708,0.6046,,-0.00262,0.00100,0.4231,,0.104,0.004,
A5,政策·发布印发,高频,sz399808,中证新能,"[-5,+5]",市场模型,546,2125,-0.00113,-0.00098,0.04454,-0.595,0.5521,0.8083,,-0.00486,0.00253,0.4231,,0.104,0.004,
A5,政策·发布印发,高频,sz399808,中证新能,"[-5,+5]",指数调整,546,2125,-0.00226,-0.00017,0.04363,-1.213,0.2257,0.4209,,-0.00598,0.00130,0.4231,,0.104,0.004,
A5,政策·发布印发,高频,sz399967,中证军工,"[+1,+20]",市场模型,546,2125,0.00041,-0.00165,0.07112,0.133,0.8939,0.9657,,-0.00564,0.00632,0.8855,,0.104,0.004,
A5,政策·发布印发,高频,sz399967,中证军工,"[+1,+20]",指数调整,546,2125,0.00020,0.00129,0.06232,0.076,0.9398,0.9777,,-0.00516,0.00556,0.8855,,0.104,0.004,
A5,政策·发布印发,高频,sz399967,中证军工,"[-1,+1]",市场模型,546,2125,0.00017,0.00001,0.02540,0.155,0.8768,0.9588,,-0.00204,0.00225,0.8855,,0.104,0.004,
A5,政策·发布印发,高频,sz399967,中证军工,"[-1,+1]",指数调整,546,2125,0.00024,-0.00059,0.02457,0.233,0.8162,0.9235,,-0.00182,0.00231,0.8855,,0.104,0.004,
A5,政策·发布印发,高频,sz399967,中证军工,"[-5,+5]",市场模型,546,2125,0.00008,0.00183,0.05125,0.036,0.9717,0.9923,,-0.00431,0.00444,0.8855,,0.104,0.004,
A5,政策·发布印发,高频,sz399967,中证军工,"[-5,+5]",指数调整,546,2125,0.00028,0.00073,0.04671,0.142,0.8870,0.9556,,-0.00363,0.00417,0.8855,,0.104,0.004,
A5,政策·发布印发,高频,sz399975,中证证券,"[+1,+20]",市场模型,546,2125,0.00003,-0.00550,0.05222,0.014,0.9886,0.9923,,-0.00439,0.00452,0.3394,,0.104,0.004,
A5,政策·发布印发,高频,sz399975,中证证券,"[+1,+20]",指数调整,546,2125,-0.00269,-0.01013,0.04983,-1.260,0.2081,0.4018,,-0.00685,0.00160,0.3394,,0.104,0.004,
A5,政策·发布印发,高频,sz399975,中证证券,"[-1,+1]",市场模型,546,2125,0.00018,-0.00164,0.01700,0.243,0.8078,0.9158,,-0.00127,0.00161,0.3394,,0.104,0.004,
A5,政策·发布印发,高频,sz399975,中证证券,"[-1,+1]",指数调整,546,2125,-0.00019,-0.00203,0.01837,-0.248,0.8042,0.9153,,-0.00172,0.00140,0.3394,,0.104,0.004,
A5,政策·发布印发,高频,sz399975,中证证券,"[-5,+5]",市场模型,546,2125,0.00095,-0.00314,0.03556,0.627,0.5306,0.8016,,-0.00204,0.00394,0.3394,,0.104,0.004,
A5,政策·发布印发,高频,sz399975,中证证券,"[-5,+5]",指数调整,546,2125,-0.00080,-0.00622,0.03569,-0.523,0.6012,0.8085,,-0.00383,0.00217,0.3394,,0.104,0.004,
A5,政策·发布印发,高频,sz399986,中证银行,"[+1,+20]",市场模型,546,2125,-0.00133,0.00248,0.04447,-0.697,0.4858,0.7744,,-0.00513,0.00237,0.5325,,0.104,0.004,
A5,政策·发布印发,高频,sz399986,中证银行,"[+1,+20]",指数调整,546,2125,0.00020,0.00832,0.05532,0.084,0.9328,0.9777,,-0.00430,0.00476,0.5325,,0.104,0.004,
A5,政策·发布印发,高频,sz399986,中证银行,"[-1,+1]",市场模型,546,2125,-0.00008,-0.00012,0.01752,-0.113,0.9104,0.9748,,-0.00159,0.00139,0.5325,,0.104,0.004,
A5,政策·发布印发,高频,sz399986,中证银行,"[-1,+1]",指数调整,546,2125,-0.00019,0.00020,0.02270,-0.197,0.8442,0.9361,,-0.00197,0.00168,0.5325,,0.104,0.004,
A5,政策·发布印发,高频,sz399986,中证银行,"[-5,+5]",市场模型,546,2125,-0.00109,0.00166,0.03629,-0.703,0.4826,0.7744,,-0.00414,0.00196,0.5325,,0.104,0.004,
A5,政策·发布印发,高频,sz399986,中证银行,"[-5,+5]",指数调整,546,2125,-0.00070,0.00393,0.04220,-0.390,0.6967,0.8598,,-0.00407,0.00290,0.5325,,0.104,0.004,
A5,政策·发布印发,高频,sz399997,中证白酒,"[+1,+20]",市场模型,546,2125,-0.00317,-0.01208,0.05859,-1.264,0.2066,0.5894,,-0.00816,0.00174,0.0000,疑似已预期,0.104,0.004,
A5,政策·发布印发,高频,sz399997,中证白酒,"[+1,+20]",指数调整,546,2125,-0.03131,-0.03316,0.05893,-12.413,0.0000,0.0000,***,-0.03626,-0.02621,0.0000,疑似已预期,0.104,0.004,
A5,政策·发布印发,高频,sz399997,中证白酒,"[-1,+1]",市场模型,546,2125,-0.00055,-0.00387,0.02267,-0.563,0.5735,0.8155,,-0.00239,0.00136,0.0000,疑似已预期,0.104,0.004,
A5,政策·发布印发,高频,sz399997,中证白酒,"[-1,+1]",指数调整,546,2125,-0.00459,-0.00719,0.02435,-4.399,0.0000,0.0001,***,-0.00660,-0.00259,0.0000,疑似已预期,0.104,0.004,
A5,政策·发布印发,高频,sz399997,中证白酒,"[-5,+5]",市场模型,546,2125,-0.00134,-0.00422,0.04196,-0.745,0.4569,0.7659,,-0.00480,0.00217,0.0000,疑似已预期,0.104,0.004,
A5,政策·发布印发,高频,sz399997,中证白酒,"[-5,+5]",指数调整,546,2125,-0.01655,-0.01968,0.04446,-8.699,0.0000,0.0000,***,-0.02020,-0.01290,0.0000,疑似已预期,0.104,0.004,
A6,政策·部署实施,高频,sh000001,上证综指,"[+1,+20]",市场模型,478,1251,-0.00002,-0.00056,0.01617,-0.032,0.9748,0.9923,,-0.00141,0.00144,0.7591,,0.109,0.002,
A6,政策·部署实施,高频,sh000001,上证综指,"[+1,+20]",指数调整,478,1251,0.00080,0.00043,0.01534,1.136,0.2564,0.4554,,-0.00057,0.00219,0.7591,,0.109,0.002,
A6,政策·部署实施,高频,sh000001,上证综指,"[-1,+1]",市场模型,478,1251,-0.00001,0.00014,0.00542,-0.020,0.9839,0.9923,,-0.00048,0.00046,0.7591,,0.109,0.002,
A6,政策·部署实施,高频,sh000001,上证综指,"[-1,+1]",指数调整,478,1251,0.00001,0.00012,0.00602,0.022,0.9827,0.9946,,-0.00052,0.00054,0.7591,,0.109,0.002,
A6,政策·部署实施,高频,sh000001,上证综指,"[-5,+5]",市场模型,478,1251,-0.00036,0.00017,0.01175,-0.673,0.5010,0.7836,,-0.00141,0.00066,0.7591,,0.109,0.002,
A6,政策·部署实施,高频,sh000001,上证综指,"[-5,+5]",指数调整,478,1251,-0.00003,0.00097,0.01177,-0.060,0.9526,0.9777,,-0.00109,0.00104,0.7591,,0.109,0.002,
A6,政策·部署实施,高频,sh000032,上证能源,"[+1,+20]",市场模型,478,1251,-0.00569,-0.00173,0.06986,-1.781,0.0756,0.4056,,-0.01199,0.00056,0.2585,,0.109,0.002,
A6,政策·部署实施,高频,sh000032,上证能源,"[+1,+20]",指数调整,478,1251,-0.00541,-0.00931,0.07503,-1.576,0.1158,0.2625,,-0.01232,0.00141,0.2585,,0.109,0.002,
A6,政策·部署实施,高频,sh000032,上证能源,"[-1,+1]",市场模型,478,1251,-0.00047,0.00007,0.02429,-0.427,0.6694,0.8535,,-0.00266,0.00171,0.2585,,0.109,0.002,
A6,政策·部署实施,高频,sh000032,上证能源,"[-1,+1]",指数调整,478,1251,-0.00076,-0.00147,0.02807,-0.595,0.5524,0.7716,,-0.00337,0.00177,0.2585,,0.109,0.002,
A6,政策·部署实施,高频,sh000032,上证能源,"[-5,+5]",市场模型,478,1251,-0.00201,-0.00123,0.04920,-0.892,0.3726,0.7098,,-0.00661,0.00228,0.2585,,0.109,0.002,
A6,政策·部署实施,高频,sh000032,上证能源,"[-5,+5]",指数调整,478,1251,-0.00232,-0.00086,0.05493,-0.922,0.3571,0.5885,,-0.00721,0.00240,0.2585,,0.109,0.002,
A6,政策·部署实施,高频,sh000033,上证材料,"[+1,+20]",市场模型,478,1251,-0.00396,-0.00208,0.06212,-1.395,0.1636,0.5697,,-0.00966,0.00163,0.1820,,0.109,0.002,
A6,政策·部署实施,高频,sh000033,上证材料,"[+1,+20]",指数调整,478,1251,0.00545,0.00329,0.05360,2.224,0.0266,0.0799,,0.00094,0.01028,0.1820,,0.109,0.002,
A6,政策·部署实施,高频,sh000033,上证材料,"[-1,+1]",市场模型,478,1251,0.00015,0.00012,0.02232,0.143,0.8866,0.9623,,-0.00176,0.00220,0.1820,,0.109,0.002,
A6,政策·部署实施,高频,sh000033,上证材料,"[-1,+1]",指数调整,478,1251,0.00158,0.00082,0.02185,1.577,0.1155,0.2625,,-0.00036,0.00347,0.1820,,0.109,0.002,
A6,政策·部署实施,高频,sh000033,上证材料,"[-5,+5]",市场模型,478,1251,-0.00164,0.00095,0.04575,-0.782,0.4347,0.7568,,-0.00584,0.00238,0.1820,,0.109,0.002,
A6,政策·部署实施,高频,sh000033,上证材料,"[-5,+5]",指数调整,478,1251,0.00366,0.00255,0.04223,1.894,0.0589,0.1572,,-0.00007,0.00738,0.1820,,0.109,0.002,
A6,政策·部署实施,高频,sh000034,上证工业,"[+1,+20]",市场模型,478,1251,-0.00262,0.00282,0.03727,-1.535,0.1255,0.4972,,-0.00607,0.00083,0.0001,疑似已预期,0.109,0.002,
A6,政策·部署实施,高频,sh000034,上证工业,"[+1,+20]",指数调整,478,1251,-0.00889,-0.00628,0.03385,-5.746,0.0000,0.0000,***,-0.01188,-0.00570,0.0001,疑似已预期,0.109,0.002,
A6,政策·部署实施,高频,sh000034,上证工业,"[-1,+1]",市场模型,478,1251,-0.00013,-0.00143,0.01232,-0.235,0.8143,0.9214,,-0.00123,0.00099,0.0001,疑似已预期,0.109,0.002,
A6,政策·部署实施,高频,sh000034,上证工业,"[-1,+1]",指数调整,478,1251,-0.00113,-0.00244,0.01251,-1.980,0.0483,0.1345,,-0.00222,0.00000,0.0001,疑似已预期,0.109,0.002,
A6,政策·部署实施,高频,sh000034,上证工业,"[-5,+5]",市场模型,478,1251,-0.00144,-0.00175,0.02631,-1.193,0.2336,0.6113,,-0.00373,0.00089,0.0001,疑似已预期,0.109,0.002,
A6,政策·部署实施,高频,sh000034,上证工业,"[-5,+5]",指数调整,478,1251,-0.00488,-0.00679,0.02485,-4.296,0.0000,0.0001,***,-0.00712,-0.00281,0.0001,疑似已预期,0.109,0.002,
A6,政策·部署实施,高频,sh000035,上证金融,"[+1,+20]",市场模型,478,1251,-0.00817,-0.01461,0.04138,-4.317,0.0000,0.0016,**,-0.01182,-0.00448,0.0000,疑似已预期,0.109,0.002,
A6,政策·部署实施,高频,sh000035,上证金融,"[+1,+20]",指数调整,478,1251,-0.01593,-0.01350,0.03794,-9.178,0.0000,0.0000,***,-0.01936,-0.01253,0.0000,疑似已预期,0.109,0.002,
A6,政策·部署实施,高频,sh000035,上证金融,"[-1,+1]",市场模型,478,1251,-0.00050,-0.00102,0.01564,-0.700,0.4845,0.7744,,-0.00188,0.00084,0.0000,疑似已预期,0.109,0.002,
A6,政策·部署实施,高频,sh000035,上证金融,"[-1,+1]",指数调整,478,1251,-0.00166,-0.00196,0.01602,-2.266,0.0239,0.0736,,-0.00312,-0.00020,0.0000,疑似已预期,0.109,0.002,
A6,政策·部署实施,高频,sh000035,上证金融,"[-5,+5]",市场模型,478,1251,-0.00367,-0.00431,0.02968,-2.703,0.0071,0.1126,,-0.00631,-0.00101,0.0000,疑似已预期,0.109,0.002,
A6,政策·部署实施,高频,sh000035,上证金融,"[-5,+5]",指数调整,478,1251,-0.00800,-0.00588,0.02807,-6.234,0.0000,0.0000,***,-0.01060,-0.00549,0.0000,疑似已预期,0.109,0.002,
A6,政策·部署实施,高频,sh000036,上证消费,"[+1,+20]",市场模型,478,1251,-0.00322,-0.00915,0.04583,-1.535,0.1254,0.4972,,-0.00726,0.00100,0.0000,疑似已预期,0.109,0.002,
A6,政策·部署实施,高频,sh000036,上证消费,"[+1,+20]",指数调整,478,1251,-0.01912,-0.02491,0.04725,-8.844,0.0000,0.0000,***,-0.02322,-0.01479,0.0000,疑似已预期,0.109,0.002,
A6,政策·部署实施,高频,sh000036,上证消费,"[-1,+1]",市场模型,478,1251,-0.00020,-0.00226,0.01756,-0.250,0.8024,0.9132,,-0.00175,0.00141,0.0000,疑似已预期,0.109,0.002,
A6,政策·部署实施,高频,sh000036,上证消费,"[-1,+1]",指数调整,478,1251,-0.00237,-0.00438,0.01966,-2.635,0.0087,0.0316,*,-0.00407,-0.00056,0.0000,疑似已预期,0.109,0.002,
A6,政策·部署实施,高频,sh000036,上证消费,"[-5,+5]",市场模型,478,1251,-0.00095,-0.00501,0.03357,-0.621,0.5348,0.8016,,-0.00402,0.00208,0.0000,疑似已预期,0.109,0.002,
A6,政策·部署实施,高频,sh000036,上证消费,"[-5,+5]",指数调整,478,1251,-0.00943,-0.01283,0.03635,-5.671,0.0000,0.0000,***,-0.01273,-0.00614,0.0000,疑似已预期,0.109,0.002,
A6,政策·部署实施,高频,sh000037,上证医药,"[+1,+20]",市场模型,478,1251,0.00701,0.00063,0.05573,2.749,0.0062,0.1099,,0.00192,0.01186,0.2746,,0.109,0.002,
A6,政策·部署实施,高频,sh000037,上证医药,"[+1,+20]",指数调整,478,1251,-0.00510,-0.00565,0.05163,-2.161,0.0312,0.0913,,-0.00965,-0.00033,0.2746,,0.109,0.002,
A6,政策·部署实施,高频,sh000037,上证医药,"[-1,+1]",市场模型,478,1251,0.00150,-0.00022,0.01960,1.671,0.0954,0.4466,,-0.00021,0.00319,0.2746,,0.109,0.002,
A6,政策·部署实施,高频,sh000037,上证医药,"[-1,+1]",指数调整,478,1251,-0.00031,-0.00214,0.01967,-0.346,0.7295,0.8711,,-0.00209,0.00145,0.2746,,0.109,0.002,
A6,政策·部署实施,高频,sh000037,上证医药,"[-5,+5]",市场模型,478,1251,0.00389,0.00026,0.03885,2.189,0.0291,0.2503,,0.00040,0.00751,0.2746,,0.109,0.002,
A6,政策·部署实施,高频,sh000037,上证医药,"[-5,+5]",指数调整,478,1251,-0.00274,-0.00653,0.03783,-1.585,0.1137,0.2619,,-0.00616,0.00059,0.2746,,0.109,0.002,
A6,政策·部署实施,高频,sh000038,上证信息,"[+1,+20]",市场模型,478,1251,0.00129,0.00314,0.04007,0.706,0.4806,0.7744,,-0.00243,0.00475,0.9575,,0.109,0.002,
A6,政策·部署实施,高频,sh000038,上证信息,"[+1,+20]",指数调整,478,1251,0.00191,0.00852,0.04335,0.962,0.3365,0.5641,,-0.00202,0.00574,0.9575,,0.109,0.002,
A6,政策·部署实施,高频,sh000038,上证信息,"[-1,+1]",市场模型,478,1251,0.00020,0.00053,0.01445,0.310,0.7570,0.8928,,-0.00104,0.00144,0.9575,,0.109,0.002,
A6,政策·部署实施,高频,sh000038,上证信息,"[-1,+1]",指数调整,478,1251,0.00004,0.00074,0.01745,0.049,0.9610,0.9845,,-0.00154,0.00160,0.9575,,0.109,0.002,
A6,政策·部署实施,高频,sh000038,上证信息,"[-5,+5]",市场模型,478,1251,0.00141,0.00102,0.03055,1.013,0.3117,0.6812,,-0.00130,0.00411,0.9575,,0.109,0.002,
A6,政策·部署实施,高频,sh000038,上证信息,"[-5,+5]",指数调整,478,1251,0.00148,0.00570,0.03305,0.981,0.3270,0.5528,,-0.00145,0.00443,0.9575,,0.109,0.002,
A6,政策·部署实施,高频,sz399808,中证新能,"[+1,+20]",市场模型,478,1251,-0.00151,0.00206,0.06032,-0.547,0.5846,0.8201,,-0.00704,0.00403,0.2918,,0.109,0.002,
A6,政策·部署实施,高频,sz399808,中证新能,"[+1,+20]",指数调整,478,1251,-0.00383,-0.00069,0.05981,-1.400,0.1621,0.3375,,-0.00927,0.00159,0.2918,,0.109,0.002,
A6,政策·部署实施,高频,sz399808,中证新能,"[-1,+1]",市场模型,478,1251,-0.00035,-0.00074,0.02138,-0.359,0.7195,0.8718,,-0.00225,0.00161,0.2918,,0.109,0.002,
A6,政策·部署实施,高频,sz399808,中证新能,"[-1,+1]",指数调整,478,1251,-0.00071,-0.00121,0.02209,-0.700,0.4844,0.7115,,-0.00271,0.00132,0.2918,,0.109,0.002,
A6,政策·部署实施,高频,sz399808,中证新能,"[-5,+5]",市场模型,478,1251,-0.00182,-0.00183,0.04462,-0.894,0.3718,0.7098,,-0.00576,0.00221,0.2918,,0.109,0.002,
A6,政策·部署实施,高频,sz399808,中证新能,"[-5,+5]",指数调整,478,1251,-0.00342,-0.00111,0.04372,-1.712,0.0876,0.2144,,-0.00745,0.00045,0.2918,,0.109,0.002,
A6,政策·部署实施,高频,sz399967,中证军工,"[+1,+20]",市场模型,478,1251,0.00238,0.00130,0.07057,0.736,0.4620,0.7679,,-0.00384,0.00850,0.7552,,0.109,0.002,
A6,政策·部署实施,高频,sz399967,中证军工,"[+1,+20]",指数调整,478,1251,0.00102,0.00367,0.06170,0.363,0.7170,0.8702,,-0.00461,0.00660,0.7552,,0.109,0.002,
A6,政策·部署实施,高频,sz399967,中证军工,"[-1,+1]",市场模型,478,1251,0.00004,0.00011,0.02494,0.036,0.9713,0.9923,,-0.00228,0.00221,0.7552,,0.109,0.002,
A6,政策·部署实施,高频,sz399967,中证军工,"[-1,+1]",指数调整,478,1251,-0.00000,-0.00072,0.02404,-0.002,0.9981,0.9981,,-0.00213,0.00212,0.7552,,0.109,0.002,
A6,政策·部署实施,高频,sz399967,中证军工,"[-5,+5]",市场模型,478,1251,-0.00105,0.00030,0.05275,-0.435,0.6636,0.8510,,-0.00574,0.00370,0.7552,,0.109,0.002,
A6,政策·部署实施,高频,sz399967,中证军工,"[-5,+5]",指数调整,478,1251,-0.00141,0.00028,0.04816,-0.641,0.5219,0.7483,,-0.00579,0.00306,0.7552,,0.109,0.002,
A6,政策·部署实施,高频,sz399975,中证证券,"[+1,+20]",市场模型,478,1251,0.00324,-0.00298,0.05099,1.389,0.1655,0.5701,,-0.00140,0.00772,0.6005,,0.109,0.002,
A6,政策·部署实施,高频,sz399975,中证证券,"[+1,+20]",指数调整,478,1251,-0.00121,-0.00892,0.04901,-0.541,0.5885,0.8024,,-0.00535,0.00311,0.6005,,0.109,0.002,
A6,政策·部署实施,高频,sz399975,中证证券,"[-1,+1]",市场模型,478,1251,0.00071,-0.00130,0.01748,0.894,0.3717,0.7098,,-0.00081,0.00228,0.6005,,0.109,0.002,
A6,政策·部署实施,高频,sz399975,中证证券,"[-1,+1]",指数调整,478,1251,0.00021,-0.00165,0.01897,0.243,0.8080,0.9178,,-0.00147,0.00197,0.6005,,0.109,0.002,
A6,政策·部署实施,高频,sz399975,中证证券,"[-5,+5]",市场模型,478,1251,0.00163,-0.00254,0.03631,0.984,0.3256,0.6843,,-0.00160,0.00492,0.6005,,0.109,0.002,
A6,政策·部署实施,高频,sz399975,中证证券,"[-5,+5]",指数调整,478,1251,-0.00098,-0.00622,0.03626,-0.590,0.5553,0.7716,,-0.00423,0.00234,0.6005,,0.109,0.002,
A6,政策·部署实施,高频,sz399986,中证银行,"[+1,+20]",市场模型,478,1251,-0.00028,0.00278,0.04366,-0.140,0.8888,0.9628,,-0.00429,0.00357,0.9470,,0.109,0.002,
A6,政策·部署实施,高频,sz399986,中证银行,"[+1,+20]",指数调整,478,1251,0.00184,0.01034,0.05511,0.731,0.4654,0.7018,,-0.00302,0.00668,0.9470,,0.109,0.002,
A6,政策·部署实施,高频,sz399986,中证银行,"[-1,+1]",市场模型,478,1251,-0.00013,-0.00012,0.01748,-0.165,0.8688,0.9531,,-0.00171,0.00144,0.9470,,0.109,0.002,
A6,政策·部署实施,高频,sz399986,中证银行,"[-1,+1]",指数调整,478,1251,-0.00027,0.00028,0.02322,-0.252,0.8013,0.9144,,-0.00236,0.00177,0.9470,,0.109,0.002,
A6,政策·部署实施,高频,sz399986,中证银行,"[-5,+5]",市场模型,478,1251,0.00078,0.00242,0.03536,0.483,0.6290,0.8401,,-0.00237,0.00394,0.9470,,0.109,0.002,
A6,政策·部署实施,高频,sz399986,中证银行,"[-5,+5]",指数调整,478,1251,0.00155,0.00568,0.04147,0.816,0.4150,0.6485,,-0.00221,0.00525,0.9470,,0.109,0.002,
A6,政策·部署实施,高频,sz399997,中证白酒,"[+1,+20]",市场模型,478,1251,-0.00434,-0.01370,0.05856,-1.620,0.1059,0.4701,,-0.00948,0.00093,0.0000,疑似已预期,0.109,0.002,
A6,政策·部署实施,高频,sz399997,中证白酒,"[+1,+20]",指数调整,478,1251,-0.03298,-0.03700,0.05870,-12.285,0.0000,0.0000,***,-0.03819,-0.02776,0.0000,疑似已预期,0.109,0.002,
A6,政策·部署实施,高频,sz399997,中证白酒,"[-1,+1]",市场模型,478,1251,-0.00073,-0.00473,0.02298,-0.691,0.4898,0.7744,,-0.00278,0.00140,0.0000,疑似已预期,0.109,0.002,
A6,政策·部署实施,高频,sz399997,中证白酒,"[-1,+1]",指数调整,478,1251,-0.00459,-0.00790,0.02508,-4.004,0.0001,0.0004,***,-0.00673,-0.00230,0.0000,疑似已预期,0.109,0.002,
A6,政策·部署实施,高频,sz399997,中证白酒,"[-5,+5]",市场模型,478,1251,-0.00234,-0.00569,0.04312,-1.184,0.2371,0.6113,,-0.00605,0.00145,0.0000,疑似已预期,0.109,0.002,
A6,政策·部署实施,高频,sz399997,中证白酒,"[-5,+5]",指数调整,478,1251,-0.01752,-0.02161,0.04530,-8.454,0.0000,0.0000,***,-0.02160,-0.01346,0.0000,疑似已预期,0.109,0.002,
A7,监管·通报处罚,中频,sh000001,上证综指,"[+1,+20]",市场模型,164,256,-0.00146,-0.00247,0.01597,-1.174,0.2421,0.6113,,-0.00386,0.00100,0.9503,,0.116,0.000,
A7,监管·通报处罚,中频,sh000001,上证综指,"[+1,+20]",指数调整,164,256,-0.00156,0.00029,0.01676,-1.190,0.2359,0.4326,,-0.00415,0.00098,0.9503,,0.116,0.000,
A7,监管·通报处罚,中频,sh000001,上证综指,"[-1,+1]",市场模型,164,256,-0.00003,0.00051,0.00608,-0.054,0.9572,0.9871,,-0.00094,0.00093,0.9503,,0.116,0.000,
A7,监管·通报处罚,中频,sh000001,上证综指,"[-1,+1]",指数调整,164,256,-0.00023,-0.00003,0.00710,-0.409,0.6832,0.8504,,-0.00130,0.00085,0.9503,,0.116,0.000,
A7,监管·通报处罚,中频,sh000001,上证综指,"[-5,+5]",市场模型,164,256,-0.00000,-0.00072,0.01194,-0.003,0.9975,0.9975,,-0.00186,0.00180,0.9503,,0.116,0.000,
A7,监管·通报处罚,中频,sh000001,上证综指,"[-5,+5]",指数调整,164,256,-0.00047,-0.00054,0.01234,-0.490,0.6246,0.8192,,-0.00233,0.00143,0.9503,,0.116,0.000,
A7,监管·通报处罚,中频,sh000032,上证能源,"[+1,+20]",市场模型,164,256,-0.00504,0.00118,0.06816,-0.948,0.3446,0.7006,,-0.01570,0.00494,0.2944,,0.116,0.000,
A7,监管·通报处罚,中频,sh000032,上证能源,"[+1,+20]",指数调整,164,256,-0.00917,-0.01273,0.08026,-1.462,0.1456,0.3119,,-0.02158,0.00327,0.2944,,0.116,0.000,
A7,监管·通报处罚,中频,sh000032,上证能源,"[-1,+1]",市场模型,164,256,-0.00114,-0.00115,0.02999,-0.488,0.6262,0.8387,,-0.00570,0.00347,0.2944,,0.116,0.000,
A7,监管·通报处罚,中频,sh000032,上证能源,"[-1,+1]",指数调整,164,256,-0.00219,-0.00416,0.03615,-0.777,0.4386,0.6721,,-0.00750,0.00339,0.2944,,0.116,0.000,
A7,监管·通报处罚,中频,sh000032,上证能源,"[-5,+5]",市场模型,164,256,-0.00461,-0.00138,0.05328,-1.108,0.2696,0.6363,,-0.01297,0.00338,0.2944,,0.116,0.000,
A7,监管·通报处罚,中频,sh000032,上证能源,"[-5,+5]",指数调整,164,256,-0.00790,-0.00504,0.05883,-1.720,0.0873,0.2144,,-0.01709,0.00092,0.2944,,0.116,0.000,
A7,监管·通报处罚,中频,sh000033,上证材料,"[+1,+20]",市场模型,164,256,-0.00979,-0.00593,0.06693,-1.874,0.0627,0.3867,,-0.02001,0.00037,0.2344,,0.116,0.000,
A7,监管·通报处罚,中频,sh000033,上证材料,"[+1,+20]",指数调整,164,256,0.00231,0.00400,0.05713,0.517,0.6059,0.8111,,-0.00633,0.01133,0.2344,,0.116,0.000,
A7,监管·通报处罚,中频,sh000033,上证材料,"[-1,+1]",市场模型,164,256,0.00096,0.00099,0.02410,0.511,0.6104,0.8334,,-0.00276,0.00455,0.2344,,0.116,0.000,
A7,监管·通报处罚,中频,sh000033,上证材料,"[-1,+1]",指数调整,164,256,0.00317,0.00177,0.02295,1.768,0.0789,0.1981,,-0.00027,0.00667,0.2344,,0.116,0.000,
A7,监管·通报处罚,中频,sh000033,上证材料,"[-5,+5]",市场模型,164,256,0.00053,0.00283,0.04745,0.144,0.8857,0.9623,,-0.00650,0.00787,0.2344,,0.116,0.000,
A7,监管·通报处罚,中频,sh000033,上证材料,"[-5,+5]",指数调整,164,256,0.00781,0.00575,0.04355,2.297,0.0229,0.0712,,0.00136,0.01461,0.2344,,0.116,0.000,
A7,监管·通报处罚,中频,sh000034,上证工业,"[+1,+20]",市场模型,164,256,-0.00851,-0.00143,0.03899,-2.795,0.0058,0.1099,,-0.01421,-0.00256,0.0016,疑似已预期,0.116,0.000,
A7,监管·通报处罚,中频,sh000034,上证工业,"[+1,+20]",指数调整,164,256,-0.01415,-0.00977,0.03550,-5.103,0.0000,0.0000,***,-0.01946,-0.00889,0.0016,疑似已预期,0.116,0.000,
A7,监管·通报处罚,中频,sh000034,上证工业,"[-1,+1]",市场模型,164,256,-0.00158,-0.00279,0.01255,-1.616,0.1080,0.4748,,-0.00345,0.00031,0.0016,疑似已预期,0.116,0.000,
A7,监管·通报处罚,中频,sh000034,上证工业,"[-1,+1]",指数调整,164,256,-0.00266,-0.00405,0.01252,-2.725,0.0071,0.0267,*,-0.00452,-0.00079,0.0016,疑似已预期,0.116,0.000,
A7,监管·通报处罚,中频,sh000034,上证工业,"[-5,+5]",市场模型,164,256,-0.00378,-0.00491,0.02788,-1.737,0.0843,0.4176,,-0.00795,0.00047,0.0016,疑似已预期,0.116,0.000,
A7,监管·通报处罚,中频,sh000034,上证工业,"[-5,+5]",指数调整,164,256,-0.00756,-0.00907,0.02636,-3.674,0.0003,0.0016,**,-0.01147,-0.00341,0.0016,疑似已预期,0.116,0.000,
A7,监管·通报处罚,中频,sh000035,上证金融,"[+1,+20]",市场模型,164,256,-0.01247,-0.02138,0.04451,-3.590,0.0004,0.0197,*,-0.01930,-0.00551,0.0021,疑似已预期,0.116,0.000,
A7,监管·通报处罚,中频,sh000035,上证金融,"[+1,+20]",指数调整,164,256,-0.01980,-0.01867,0.04322,-5.865,0.0000,0.0000,***,-0.02651,-0.01333,0.0021,疑似已预期,0.116,0.000,
A7,监管·通报处罚,中频,sh000035,上证金融,"[-1,+1]",市场模型,164,256,-0.00112,-0.00081,0.01711,-0.836,0.4043,0.7434,,-0.00383,0.00157,0.0021,疑似已预期,0.116,0.000,
A7,监管·通报处罚,中频,sh000035,上证金融,"[-1,+1]",指数调整,164,256,-0.00259,-0.00412,0.01746,-1.903,0.0588,0.1572,,-0.00518,0.00005,0.0021,疑似已预期,0.116,0.000,
A7,监管·通报处罚,中频,sh000035,上证金融,"[-5,+5]",市场模型,164,256,-0.00462,-0.00695,0.03280,-1.803,0.0733,0.4044,,-0.00933,0.00041,0.0021,疑似已预期,0.116,0.000,
A7,监管·通报处罚,中频,sh000035,上证金融,"[-5,+5]",指数调整,164,256,-0.01034,-0.00616,0.03238,-4.087,0.0001,0.0004,***,-0.01532,-0.00545,0.0021,疑似已预期,0.116,0.000,
A7,监管·通报处罚,中频,sh000036,上证消费,"[+1,+20]",市场模型,164,256,-0.00560,-0.01134,0.04621,-1.552,0.1226,0.4972,,-0.01247,0.00162,0.0000,疑似已预期,0.116,0.000,
A7,监管·通报处罚,中频,sh000036,上证消费,"[+1,+20]",指数调整,164,256,-0.01984,-0.02747,0.04981,-5.100,0.0000,0.0000,***,-0.02733,-0.01222,0.0000,疑似已预期,0.116,0.000,
A7,监管·通报处罚,中频,sh000036,上证消费,"[-1,+1]",市场模型,164,256,-0.00198,-0.00357,0.01759,-1.439,0.1521,0.5426,,-0.00472,0.00074,0.0000,疑似已预期,0.116,0.000,
A7,监管·通报处罚,中频,sh000036,上证消费,"[-1,+1]",指数调整,164,256,-0.00455,-0.00567,0.01993,-2.925,0.0039,0.0154,*,-0.00753,-0.00146,0.0000,疑似已预期,0.116,0.000,
A7,监管·通报处罚,中频,sh000036,上证消费,"[-5,+5]",市场模型,164,256,-0.00698,-0.01107,0.03178,-2.815,0.0055,0.1099,,-0.01176,-0.00218,0.0000,疑似已预期,0.116,0.000,
A7,监管·通报处罚,中频,sh000036,上证消费,"[-5,+5]",指数调整,164,256,-0.01659,-0.01850,0.03616,-5.877,0.0000,0.0000,***,-0.02206,-0.01119,0.0000,疑似已预期,0.116,0.000,
A7,监管·通报处罚,中频,sh000037,上证医药,"[+1,+20]",市场模型,164,256,0.00052,-0.00433,0.05600,0.120,0.9050,0.9748,,-0.00802,0.00888,0.1367,,0.116,0.000,
A7,监管·通报处罚,中频,sh000037,上证医药,"[+1,+20]",指数调整,164,256,-0.01060,-0.01035,0.05445,-2.494,0.0136,0.0464,*,-0.01899,-0.00210,0.1367,,0.116,0.000,
A7,监管·通报处罚,中频,sh000037,上证医药,"[-1,+1]",市场模型,164,256,0.00102,-0.00050,0.01961,0.665,0.5069,0.7842,,-0.00198,0.00406,0.1367,,0.116,0.000,
A7,监管·通报处罚,中频,sh000037,上证医药,"[-1,+1]",指数调整,164,256,-0.00088,-0.00245,0.01969,-0.571,0.5687,0.7864,,-0.00389,0.00215,0.1367,,0.116,0.000,
A7,监管·通报处罚,中频,sh000037,上证医药,"[-5,+5]",市场模型,164,256,0.00146,-0.00113,0.03827,0.488,0.6265,0.8387,,-0.00433,0.00728,0.1367,,0.116,0.000,
A7,监管·通报处罚,中频,sh000037,上证医药,"[-5,+5]",指数调整,164,256,-0.00540,-0.00681,0.03793,-1.823,0.0701,0.1806,,-0.01119,0.00049,0.1367,,0.116,0.000,
A7,监管·通报处罚,中频,sh000038,上证信息,"[+1,+20]",市场模型,164,256,0.00188,0.00255,0.04044,0.595,0.5527,0.8083,,-0.00448,0.00789,0.6933,,0.116,0.000,
A7,监管·通报处罚,中频,sh000038,上证信息,"[+1,+20]",指数调整,164,256,-0.00261,0.00375,0.04204,-0.797,0.4269,0.6624,,-0.00904,0.00352,0.6933,,0.116,0.000,
A7,监管·通报处罚,中频,sh000038,上证信息,"[-1,+1]",市场模型,164,256,-0.00142,-0.00223,0.01583,-1.152,0.2511,0.6198,,-0.00389,0.00102,0.6933,,0.116,0.000,
A7,监管·通报处罚,中频,sh000038,上证信息,"[-1,+1]",指数调整,164,256,-0.00236,-0.00162,0.01880,-1.608,0.1099,0.2551,,-0.00517,0.00046,0.6933,,0.116,0.000,
A7,监管·通报处罚,中频,sh000038,上证信息,"[-5,+5]",市场模型,164,256,-0.00025,-0.00152,0.03139,-0.100,0.9202,0.9748,,-0.00498,0.00457,0.6933,,0.116,0.000,
A7,监管·通报处罚,中频,sh000038,上证信息,"[-5,+5]",指数调整,164,256,-0.00336,0.00147,0.03381,-1.274,0.2046,0.3999,,-0.00854,0.00164,0.6933,,0.116,0.000,
A7,监管·通报处罚,中频,sz399808,中证新能,"[+1,+20]",市场模型,164,256,-0.01131,-0.01126,0.06393,-2.266,0.0248,0.2255,,-0.02142,-0.00132,0.7254,,0.116,0.000,
A7,监管·通报处罚,中频,sz399808,中证新能,"[+1,+20]",指数调整,164,256,-0.00582,0.00148,0.06447,-1.156,0.2493,0.4485,,-0.01598,0.00373,0.7254,,0.116,0.000,
A7,监管·通报处罚,中频,sz399808,中证新能,"[-1,+1]",市场模型,164,256,0.00083,0.00120,0.02037,0.519,0.6043,0.8319,,-0.00226,0.00401,0.7254,,0.116,0.000,
A7,监管·通报处罚,中频,sz399808,中证新能,"[-1,+1]",指数调整,164,256,0.00121,-0.00018,0.02160,0.717,0.4742,0.7108,,-0.00200,0.00460,0.7254,,0.116,0.000,
A7,监管·通报处罚,中频,sz399808,中证新能,"[-5,+5]",市场模型,164,256,-0.00149,-0.00263,0.04111,-0.466,0.6422,0.8426,,-0.00764,0.00485,0.7254,,0.116,0.000,
A7,监管·通报处罚,中频,sz399808,中证新能,"[-5,+5]",指数调整,164,256,0.00019,0.00130,0.03956,0.061,0.9514,0.9777,,-0.00590,0.00631,0.7254,,0.116,0.000,
A7,监管·通报处罚,中频,sz399967,中证军工,"[+1,+20]",市场模型,164,256,-0.00429,-0.00355,0.07010,-0.784,0.4339,0.7568,,-0.01511,0.00666,0.4914,,0.116,0.000,
A7,监管·通报处罚,中频,sz399967,中证军工,"[+1,+20]",指数调整,164,256,-0.00078,0.00367,0.06174,-0.161,0.8724,0.9521,,-0.01038,0.00843,0.4914,,0.116,0.000,
A7,监管·通报处罚,中频,sz399967,中证军工,"[-1,+1]",市场模型,164,256,0.00332,0.00135,0.02645,1.608,0.1097,0.4753,,-0.00060,0.00755,0.4914,,0.116,0.000,
A7,监管·通报处罚,中频,sz399967,中证军工,"[-1,+1]",指数调整,164,256,0.00367,0.00280,0.02586,1.818,0.0710,0.1813,,-0.00023,0.00775,0.4914,,0.116,0.000,
A7,监管·通报处罚,中频,sz399967,中证军工,"[-5,+5]",市场模型,164,256,0.00063,-0.00282,0.05546,0.146,0.8839,0.9623,,-0.00762,0.00915,0.4914,,0.116,0.000,
A7,监管·通报处罚,中频,sz399967,中证军工,"[-5,+5]",指数调整,164,256,0.00200,0.00065,0.04985,0.514,0.6082,0.8119,,-0.00525,0.00970,0.4914,,0.116,0.000,
A7,监管·通报处罚,中频,sz399975,中证证券,"[+1,+20]",市场模型,164,256,0.00571,0.00002,0.05276,1.386,0.1676,0.5701,,-0.00221,0.01375,0.7872,,0.116,0.000,
A7,监管·通报处罚,中频,sz399975,中证证券,"[+1,+20]",指数调整,164,256,0.00457,-0.01188,0.05844,1.002,0.3177,0.5419,,-0.00423,0.01367,0.7872,,0.116,0.000,
A7,监管·通报处罚,中频,sz399975,中证证券,"[-1,+1]",市场模型,164,256,0.00076,-0.00155,0.01635,0.599,0.5503,0.8083,,-0.00176,0.00330,0.7872,,0.116,0.000,
A7,监管·通报处罚,中频,sz399975,中证证券,"[-1,+1]",指数调整,164,256,0.00057,-0.00032,0.01909,0.382,0.7030,0.8658,,-0.00234,0.00355,0.7872,,0.116,0.000,
A7,监管·通报处罚,中频,sz399975,中证证券,"[-5,+5]",市场模型,164,256,0.00088,-0.00443,0.03571,0.317,0.7515,0.8926,,-0.00452,0.00633,0.7872,,0.116,0.000,
A7,监管·通报处罚,中频,sz399975,中证证券,"[-5,+5]",指数调整,164,256,-0.00105,-0.00759,0.03668,-0.365,0.7157,0.8702,,-0.00656,0.00461,0.7872,,0.116,0.000,
A7,监管·通报处罚,中频,sz399986,中证银行,"[+1,+20]",市场模型,164,256,0.00059,0.00161,0.04433,0.171,0.8646,0.9507,,-0.00612,0.00732,0.4131,,0.116,0.000,
A7,监管·通报处罚,中频,sz399986,中证银行,"[+1,+20]",指数调整,164,256,-0.00613,-0.00192,0.05476,-1.433,0.1538,0.3225,,-0.01461,0.00218,0.4131,,0.116,0.000,
A7,监管·通报处罚,中频,sz399986,中证银行,"[-1,+1]",市场模型,164,256,-0.00192,-0.00113,0.01920,-1.280,0.2024,0.5894,,-0.00481,0.00105,0.4131,,0.116,0.000,
A7,监管·通报处罚,中频,sz399986,中证银行,"[-1,+1]",指数调整,164,256,-0.00340,-0.00251,0.02589,-1.681,0.0947,0.2224,,-0.00740,0.00054,0.4131,,0.116,0.000,
A7,监管·通报处罚,中频,sz399986,中证银行,"[-5,+5]",市场模型,164,256,-0.00119,0.00107,0.03841,-0.396,0.6927,0.8535,,-0.00702,0.00461,0.4131,,0.116,0.000,
A7,监管·通报处罚,中频,sz399986,中证银行,"[-5,+5]",指数调整,164,256,-0.00560,-0.00378,0.04220,-1.698,0.0914,0.2165,,-0.01198,0.00063,0.4131,,0.116,0.000,
A7,监管·通报处罚,中频,sz399997,中证白酒,"[+1,+20]",市场模型,164,256,-0.00632,-0.01595,0.05978,-1.354,0.1775,0.5866,,-0.01545,0.00312,0.0000,疑似已预期,0.116,0.000,
A7,监管·通报处罚,中频,sz399997,中证白酒,"[+1,+20]",指数调整,164,256,-0.03240,-0.03306,0.06461,-6.422,0.0000,0.0000,***,-0.04213,-0.02283,0.0000,疑似已预期,0.116,0.000,
A7,监管·通报处罚,中频,sz399997,中证白酒,"[-1,+1]",市场模型,164,256,-0.00323,-0.00601,0.02197,-1.886,0.0611,0.3867,,-0.00644,0.00014,0.0000,疑似已预期,0.116,0.000,
A7,监管·通报处罚,中频,sz399997,中证白酒,"[-1,+1]",指数调整,164,256,-0.00750,-0.01116,0.02411,-3.982,0.0001,0.0006,***,-0.01113,-0.00363,0.0000,疑似已预期,0.116,0.000,
A7,监管·通报处罚,中频,sz399997,中证白酒,"[-5,+5]",市场模型,164,256,-0.00855,-0.00926,0.04015,-2.726,0.0071,0.1126,,-0.01475,-0.00239,0.0000,疑似已预期,0.116,0.000,
A7,监管·通报处罚,中频,sz399997,中证白酒,"[-5,+5]",指数调整,164,256,-0.02475,-0.02937,0.04464,-7.101,0.0000,0.0000,***,-0.03137,-0.01803,0.0000,疑似已预期,0.116,0.000,
A8,领导人·讲话活动,高频,sh000001,上证综指,"[+1,+20]",市场模型,484,2558,-0.00078,-0.00163,0.01542,-1.118,0.2641,0.6363,,-0.00213,0.00061,0.0989,疑似已预期,0.120,0.000,
A8,领导人·讲话活动,高频,sh000001,上证综指,"[+1,+20]",指数调整,484,2558,0.00007,0.00008,0.01483,0.105,0.9163,0.9724,,-0.00125,0.00146,0.0989,疑似已预期,0.120,0.000,
A8,领导人·讲话活动,高频,sh000001,上证综指,"[-1,+1]",市场模型,484,2558,-0.00025,-0.00007,0.00537,-1.029,0.3041,0.6809,,-0.00073,0.00022,0.0989,疑似已预期,0.120,0.000,
A8,领导人·讲话活动,高频,sh000001,上证综指,"[-1,+1]",指数调整,484,2558,-0.00014,-0.00006,0.00615,-0.484,0.6283,0.8214,,-0.00068,0.00041,0.0989,疑似已预期,0.120,0.000,
A8,领导人·讲话活动,高频,sh000001,上证综指,"[-5,+5]",市场模型,484,2558,-0.00083,-0.00034,0.01126,-1.630,0.1037,0.4667,,-0.00183,0.00015,0.0989,疑似已预期,0.120,0.000,
A8,领导人·讲话活动,高频,sh000001,上证综指,"[-5,+5]",指数调整,484,2558,-0.00048,0.00018,0.01160,-0.909,0.3639,0.5980,,-0.00152,0.00054,0.0989,疑似已预期,0.120,0.000,
A8,领导人·讲话活动,高频,sh000032,上证能源,"[+1,+20]",市场模型,484,2558,-0.00869,-0.00331,0.06937,-2.756,0.0061,0.1099,,-0.01470,-0.00240,0.0860,疑似已预期,0.120,0.000,
A8,领导人·讲话活动,高频,sh000032,上证能源,"[+1,+20]",指数调整,484,2558,-0.00906,-0.00931,0.07281,-2.737,0.0064,0.0244,*,-0.01552,-0.00251,0.0860,疑似已预期,0.120,0.000,
A8,领导人·讲话活动,高频,sh000032,上证能源,"[-1,+1]",市场模型,484,2558,-0.00107,-0.00053,0.02513,-0.941,0.3473,0.7006,,-0.00337,0.00113,0.0860,疑似已预期,0.120,0.000,
A8,领导人·讲话活动,高频,sh000032,上证能源,"[-1,+1]",指数调整,484,2558,-0.00110,-0.00151,0.02923,-0.826,0.4091,0.6448,,-0.00368,0.00148,0.0860,疑似已预期,0.120,0.000,
A8,领导人·讲话活动,高频,sh000032,上证能源,"[-5,+5]",市场模型,484,2558,-0.00346,-0.00335,0.04965,-1.533,0.1260,0.4972,,-0.00808,0.00088,0.0860,疑似已预期,0.120,0.000,
A8,领导人·讲话活动,高频,sh000032,上证能源,"[-5,+5]",指数调整,484,2558,-0.00399,-0.00262,0.05564,-1.579,0.1150,0.2625,,-0.00903,0.00080,0.0860,疑似已预期,0.120,0.000,
A8,领导人·讲话活动,高频,sh000033,上证材料,"[+1,+20]",市场模型,484,2558,-0.00689,-0.00296,0.06204,-2.441,0.0150,0.1654,,-0.01269,-0.00145,0.7367,,0.120,0.000,
A8,领导人·讲话活动,高频,sh000033,上证材料,"[+1,+20]",指数调整,484,2558,0.00360,0.00191,0.05234,1.511,0.1313,0.2923,,-0.00098,0.00827,0.7367,,0.120,0.000,
A8,领导人·讲话活动,高频,sh000033,上证材料,"[-1,+1]",市场模型,484,2558,-0.00077,-0.00016,0.02164,-0.779,0.4365,0.7577,,-0.00266,0.00120,0.7367,,0.120,0.000,
A8,领导人·讲话活动,高频,sh000033,上证材料,"[-1,+1]",指数调整,484,2558,0.00063,0.00044,0.02099,0.660,0.5093,0.7412,,-0.00125,0.00249,0.7367,,0.120,0.000,
A8,领导人·讲话活动,高频,sh000033,上证材料,"[-5,+5]",市场模型,484,2558,-0.00338,-0.00109,0.04446,-1.671,0.0954,0.4466,,-0.00731,0.00058,0.7367,,0.120,0.000,
A8,领导人·讲话活动,高频,sh000033,上证材料,"[-5,+5]",指数调整,484,2558,0.00209,0.00031,0.04108,1.119,0.2638,0.4653,,-0.00155,0.00568,0.7367,,0.120,0.000,
A8,领导人·讲话活动,高频,sh000034,上证工业,"[+1,+20]",市场模型,484,2558,-0.00359,0.00283,0.03749,-2.106,0.0358,0.2717,,-0.00691,-0.00023,0.0000,疑似已预期,0.120,0.000,
A8,领导人·讲话活动,高频,sh000034,上证工业,"[+1,+20]",指数调整,484,2558,-0.00930,-0.00647,0.03368,-6.074,0.0000,0.0000,***,-0.01236,-0.00634,0.0000,疑似已预期,0.120,0.000,
A8,领导人·讲话活动,高频,sh000034,上证工业,"[-1,+1]",市场模型,484,2558,-0.00019,-0.00132,0.01248,-0.341,0.7333,0.8799,,-0.00131,0.00097,0.0000,疑似已预期,0.120,0.000,
A8,领导人·讲话活动,高频,sh000034,上证工业,"[-1,+1]",指数调整,484,2558,-0.00104,-0.00215,0.01262,-1.804,0.0719,0.1820,,-0.00214,0.00008,0.0000,疑似已预期,0.120,0.000,
A8,领导人·讲话活动,高频,sh000034,上证工业,"[-5,+5]",市场模型,484,2558,-0.00207,-0.00225,0.02637,-1.726,0.0850,0.4176,,-0.00443,0.00032,0.0000,疑似已预期,0.120,0.000,
A8,领导人·讲话活动,高频,sh000034,上证工业,"[-5,+5]",指数调整,484,2558,-0.00515,-0.00697,0.02464,-4.594,0.0000,0.0000,***,-0.00733,-0.00298,0.0000,疑似已预期,0.120,0.000,
A8,领导人·讲话活动,高频,sh000035,上证金融,"[+1,+20]",市场模型,484,2558,-0.00901,-0.01592,0.04092,-4.841,0.0000,0.0010,**,-0.01257,-0.00524,0.0000,疑似已预期,0.120,0.000,
A8,领导人·讲话活动,高频,sh000035,上证金融,"[+1,+20]",指数调整,484,2558,-0.01642,-0.01551,0.03834,-9.424,0.0000,0.0000,***,-0.01978,-0.01308,0.0000,疑似已预期,0.120,0.000,
A8,领导人·讲话活动,高频,sh000035,上证金融,"[-1,+1]",市场模型,484,2558,-0.00087,-0.00185,0.01569,-1.223,0.2220,0.5958,,-0.00224,0.00050,0.0000,疑似已预期,0.120,0.000,
A8,领导人·讲话活动,高频,sh000035,上证金融,"[-1,+1]",指数调整,484,2558,-0.00187,-0.00289,0.01586,-2.588,0.0099,0.0350,*,-0.00328,-0.00044,0.0000,疑似已预期,0.120,0.000,
A8,领导人·讲话活动,高频,sh000035,上证金融,"[-5,+5]",市场模型,484,2558,-0.00412,-0.00541,0.02946,-3.078,0.0022,0.0677,,-0.00676,-0.00147,0.0000,疑似已预期,0.120,0.000,
A8,领导人·讲话活动,高频,sh000035,上证金融,"[-5,+5]",指数调整,484,2558,-0.00792,-0.00604,0.02772,-6.283,0.0000,0.0000,***,-0.01038,-0.00544,0.0000,疑似已预期,0.120,0.000,
A8,领导人·讲话活动,高频,sh000036,上证消费,"[+1,+20]",市场模型,484,2558,-0.00317,-0.00915,0.04637,-1.502,0.1338,0.5083,,-0.00731,0.00099,0.0000,疑似已预期,0.120,0.000,
A8,领导人·讲话活动,高频,sh000036,上证消费,"[+1,+20]",指数调整,484,2558,-0.01921,-0.02440,0.04774,-8.852,0.0000,0.0000,***,-0.02348,-0.01495,0.0000,疑似已预期,0.120,0.000,
A8,领导人·讲话活动,高频,sh000036,上证消费,"[-1,+1]",市场模型,484,2558,-0.00072,-0.00252,0.01692,-0.930,0.3526,0.7006,,-0.00220,0.00076,0.0000,疑似已预期,0.120,0.000,
A8,领导人·讲话活动,高频,sh000036,上证消费,"[-1,+1]",指数调整,484,2558,-0.00281,-0.00465,0.01908,-3.240,0.0013,0.0058,**,-0.00448,-0.00116,0.0000,疑似已预期,0.120,0.000,
A8,领导人·讲话活动,高频,sh000036,上证消费,"[-5,+5]",市场模型,484,2558,-0.00119,-0.00434,0.03252,-0.807,0.4202,0.7448,,-0.00405,0.00169,0.0000,疑似已预期,0.120,0.000,
A8,领导人·讲话活动,高频,sh000036,上证消费,"[-5,+5]",指数调整,484,2558,-0.00945,-0.01341,0.03526,-5.893,0.0000,0.0000,***,-0.01264,-0.00633,0.0000,疑似已预期,0.120,0.000,
A8,领导人·讲话活动,高频,sh000037,上证医药,"[+1,+20]",市场模型,484,2558,0.00645,0.00014,0.05600,2.536,0.0115,0.1492,,0.00151,0.01137,0.0508,疑似已预期,0.120,0.000,
A8,领导人·讲话活动,高频,sh000037,上证医药,"[+1,+20]",指数调整,484,2558,-0.00578,-0.00700,0.05221,-2.437,0.0152,0.0500,,-0.01044,-0.00115,0.0508,疑似已预期,0.120,0.000,
A8,领导人·讲话活动,高频,sh000037,上证医药,"[-1,+1]",市场模型,484,2558,0.00046,-0.00106,0.01884,0.532,0.5946,0.8280,,-0.00125,0.00204,0.0508,疑似已预期,0.120,0.000,
A8,领导人·讲话活动,高频,sh000037,上证医药,"[-1,+1]",指数调整,484,2558,-0.00128,-0.00237,0.01908,-1.471,0.1418,0.3107,,-0.00298,0.00046,0.0508,疑似已预期,0.120,0.000,
A8,领导人·讲话活动,高频,sh000037,上证医药,"[-5,+5]",市场模型,484,2558,0.00258,-0.00063,0.03910,1.454,0.1467,0.5332,,-0.00102,0.00600,0.0508,疑似已预期,0.120,0.000,
A8,领导人·讲话活动,高频,sh000037,上证医药,"[-5,+5]",指数调整,484,2558,-0.00396,-0.00683,0.03806,-2.292,0.0224,0.0699,,-0.00722,-0.00074,0.0508,疑似已预期,0.120,0.000,
A8,领导人·讲话活动,高频,sh000038,上证信息,"[+1,+20]",市场模型,484,2558,0.00034,0.00129,0.03963,0.188,0.8513,0.9415,,-0.00331,0.00378,0.7719,,0.120,0.000,
A8,领导人·讲话活动,高频,sh000038,上证信息,"[+1,+20]",指数调整,484,2558,0.00100,0.00829,0.04216,0.523,0.6011,0.8085,,-0.00274,0.00466,0.7719,,0.120,0.000,
A8,领导人·讲话活动,高频,sh000038,上证信息,"[-1,+1]",市场模型,484,2558,0.00053,0.00047,0.01427,0.819,0.4131,0.7447,,-0.00070,0.00184,0.7719,,0.120,0.000,
A8,领导人·讲话活动,高频,sh000038,上证信息,"[-1,+1]",指数调整,484,2558,0.00070,0.00088,0.01735,0.888,0.3752,0.6080,,-0.00079,0.00224,0.7719,,0.120,0.000,
A8,领导人·讲话活动,高频,sh000038,上证信息,"[-5,+5]",市场模型,484,2558,0.00117,0.00117,0.03146,0.816,0.4149,0.7447,,-0.00153,0.00393,0.7719,,0.120,0.000,
A8,领导人·讲话活动,高频,sh000038,上证信息,"[-5,+5]",指数调整,484,2558,0.00132,0.00570,0.03319,0.872,0.3837,0.6183,,-0.00165,0.00420,0.7719,,0.120,0.000,
A8,领导人·讲话活动,高频,sz399808,中证新能,"[+1,+20]",市场模型,484,2558,-0.00289,0.00065,0.06080,-1.047,0.2957,0.6749,,-0.00833,0.00244,0.4829,,0.120,0.000,
A8,领导人·讲话活动,高频,sz399808,中证新能,"[+1,+20]",指数调整,484,2558,-0.00463,-0.00069,0.05987,-1.701,0.0896,0.2156,,-0.01003,0.00073,0.4829,,0.120,0.000,
A8,领导人·讲话活动,高频,sz399808,中证新能,"[-1,+1]",市场模型,484,2558,-0.00057,-0.00080,0.02190,-0.569,0.5695,0.8155,,-0.00253,0.00142,0.4829,,0.120,0.000,
A8,领导人·讲话活动,高频,sz399808,中证新能,"[-1,+1]",指数调整,484,2558,-0.00093,-0.00193,0.02264,-0.904,0.3665,0.6006,,-0.00300,0.00108,0.4829,,0.120,0.000,
A8,领导人·讲话活动,高频,sz399808,中证新能,"[-5,+5]",市场模型,484,2558,-0.00229,-0.00219,0.04528,-1.114,0.2660,0.6363,,-0.00630,0.00183,0.4829,,0.120,0.000,
A8,领导人·讲话活动,高频,sz399808,中证新能,"[-5,+5]",指数调整,484,2558,-0.00316,-0.00162,0.04446,-1.562,0.1189,0.2685,,-0.00722,0.00078,0.4829,,0.120,0.000,
A8,领导人·讲话活动,高频,sz399967,中证军工,"[+1,+20]",市场模型,484,2558,0.00036,-0.00130,0.06801,0.115,0.9084,0.9748,,-0.00563,0.00632,0.3612,,0.120,0.000,
A8,领导人·讲话活动,高频,sz399967,中证军工,"[+1,+20]",指数调整,484,2558,0.00036,0.00260,0.06029,0.131,0.8958,0.9624,,-0.00497,0.00576,0.3612,,0.120,0.000,
A8,领导人·讲话活动,高频,sz399967,中证军工,"[-1,+1]",市场模型,484,2558,-0.00035,-0.00133,0.02447,-0.314,0.7539,0.8926,,-0.00255,0.00192,0.3612,,0.120,0.000,
A8,领导人·讲话活动,高频,sz399967,中证军工,"[-1,+1]",指数调整,484,2558,-0.00028,-0.00132,0.02372,-0.263,0.7924,0.9072,,-0.00239,0.00187,0.3612,,0.120,0.000,
A8,领导人·讲话活动,高频,sz399967,中证军工,"[-5,+5]",市场模型,484,2558,-0.00171,-0.00210,0.05178,-0.727,0.4677,0.7679,,-0.00627,0.00290,0.3612,,0.120,0.000,
A8,领导人·讲话活动,高频,sz399967,中证军工,"[-5,+5]",指数调整,484,2558,-0.00114,0.00009,0.04769,-0.525,0.6000,0.8085,,-0.00540,0.00310,0.3612,,0.120,0.000,
A8,领导人·讲话活动,高频,sz399975,中证证券,"[+1,+20]",市场模型,484,2558,0.00247,-0.00361,0.05285,1.027,0.3050,0.6809,,-0.00212,0.00725,0.9135,,0.120,0.000,
A8,领导人·讲话活动,高频,sz399975,中证证券,"[+1,+20]",指数调整,484,2558,-0.00112,-0.00906,0.05143,-0.479,0.6325,0.8214,,-0.00558,0.00339,0.9135,,0.120,0.000,
A8,领导人·讲话活动,高频,sz399975,中证证券,"[-1,+1]",市场模型,484,2558,0.00064,-0.00144,0.01728,0.815,0.4155,0.7447,,-0.00088,0.00219,0.9135,,0.120,0.000,
A8,领导人·讲话活动,高频,sz399975,中证证券,"[-1,+1]",指数调整,484,2558,0.00026,-0.00176,0.01878,0.304,0.7610,0.8833,,-0.00143,0.00195,0.9135,,0.120,0.000,
A8,领导人·讲话活动,高频,sz399975,中证证券,"[-5,+5]",市场模型,484,2558,0.00173,-0.00241,0.03649,1.042,0.2980,0.6749,,-0.00163,0.00498,0.9135,,0.120,0.000,
A8,领导人·讲话活动,高频,sz399975,中证证券,"[-5,+5]",指数调整,484,2558,0.00012,-0.00582,0.03717,0.073,0.9422,0.9777,,-0.00323,0.00347,0.9135,,0.120,0.000,
A8,领导人·讲话活动,高频,sz399986,中证银行,"[+1,+20]",市场模型,484,2558,-0.00058,0.00246,0.04342,-0.293,0.7694,0.9002,,-0.00448,0.00329,0.4995,,0.120,0.000,
A8,领导人·讲话活动,高频,sz399986,中证银行,"[+1,+20]",指数调整,484,2558,0.00089,0.00660,0.05357,0.364,0.7161,0.8702,,-0.00381,0.00561,0.4995,,0.120,0.000,
A8,领导人·讲话活动,高频,sz399986,中证银行,"[-1,+1]",市场模型,484,2558,0.00024,-0.00003,0.01733,0.307,0.7587,0.8930,,-0.00133,0.00180,0.4995,,0.120,0.000,
A8,领导人·讲话活动,高频,sz399986,中证银行,"[-1,+1]",指数调整,484,2558,0.00048,0.00058,0.02325,0.452,0.6512,0.8252,,-0.00158,0.00256,0.4995,,0.120,0.000,
A8,领导人·讲话活动,高频,sz399986,中证银行,"[-5,+5]",市场模型,484,2558,0.00050,0.00371,0.03690,0.299,0.7649,0.8985,,-0.00270,0.00372,0.4995,,0.120,0.000,
A8,领导人·讲话活动,高频,sz399986,中证银行,"[-5,+5]",指数调整,484,2558,0.00080,0.00502,0.04223,0.419,0.6757,0.8428,,-0.00296,0.00460,0.4995,,0.120,0.000,
A8,领导人·讲话活动,高频,sz399997,中证白酒,"[+1,+20]",市场模型,484,2558,-0.00390,-0.01370,0.05950,-1.443,0.1497,0.5407,,-0.00911,0.00155,0.0000,疑似已预期,0.120,0.000,
A8,领导人·讲话活动,高频,sz399997,中证白酒,"[+1,+20]",指数调整,484,2558,-0.03291,-0.03720,0.06004,-12.060,0.0000,0.0000,***,-0.03816,-0.02754,0.0000,疑似已预期,0.120,0.000,
A8,领导人·讲话活动,高频,sz399997,中证白酒,"[-1,+1]",市场模型,484,2558,-0.00117,-0.00434,0.02209,-1.166,0.2442,0.6113,,-0.00315,0.00087,0.0000,疑似已预期,0.120,0.000,
A8,领导人·讲话活动,高频,sz399997,中证白酒,"[-1,+1]",指数调整,484,2558,-0.00505,-0.00871,0.02438,-4.554,0.0000,0.0000,***,-0.00715,-0.00292,0.0000,疑似已预期,0.120,0.000,
A8,领导人·讲话活动,高频,sz399997,中证白酒,"[-5,+5]",市场模型,484,2558,-0.00254,-0.00474,0.04144,-1.347,0.1786,0.5871,,-0.00612,0.00118,0.0000,疑似已预期,0.120,0.000,
A8,领导人·讲话活动,高频,sz399997,中证白酒,"[-5,+5]",指数调整,484,2558,-0.01738,-0.02124,0.04424,-8.643,0.0000,0.0000,***,-0.02102,-0.01347,0.0000,疑似已预期,0.120,0.000,
A9,工程·开通投产,低频,sh000001,上证综指,"[+1,+20]",市场模型,175,232,-0.00012,-0.00116,0.01469,-0.107,0.9146,0.9748,,-0.00227,0.00201,0.3415,,0.171,0.000,
A9,工程·开通投产,低频,sh000001,上证综指,"[+1,+20]",指数调整,175,232,0.00004,-0.00014,0.01404,0.042,0.9664,0.9883,,-0.00210,0.00219,0.3415,,0.171,0.000,
A9,工程·开通投产,低频,sh000001,上证综指,"[-1,+1]",市场模型,175,232,-0.00054,-0.00007,0.00554,-1.279,0.2027,0.5894,,-0.00139,0.00028,0.3415,,0.171,0.000,
A9,工程·开通投产,低频,sh000001,上证综指,"[-1,+1]",指数调整,175,232,-0.00062,0.00007,0.00656,-1.256,0.2110,0.4033,,-0.00162,0.00036,0.3415,,0.171,0.000,
A9,工程·开通投产,低频,sh000001,上证综指,"[-5,+5]",市场模型,175,232,-0.00112,-0.00074,0.01069,-1.388,0.1669,0.5701,,-0.00270,0.00041,0.3415,,0.171,0.000,
A9,工程·开通投产,低频,sh000001,上证综指,"[-5,+5]",指数调整,175,232,-0.00163,-0.00039,0.01177,-1.828,0.0693,0.1793,,-0.00338,0.00012,0.3415,,0.171,0.000,
A9,工程·开通投产,低频,sh000032,上证能源,"[+1,+20]",市场模型,175,232,-0.01563,-0.00559,0.06852,-3.018,0.0029,0.0856,,-0.02576,-0.00552,0.2134,,0.171,0.000,
A9,工程·开通投产,低频,sh000032,上证能源,"[+1,+20]",指数调整,175,232,-0.01636,-0.01785,0.07162,-3.022,0.0029,0.0121,*,-0.02700,-0.00569,0.2134,,0.171,0.000,
A9,工程·开通投产,低频,sh000032,上证能源,"[-1,+1]",市场模型,175,232,-0.00323,-0.00348,0.02780,-1.535,0.1266,0.4972,,-0.00732,0.00099,0.2134,,0.171,0.000,
A9,工程·开通投产,低频,sh000032,上证能源,"[-1,+1]",指数调整,175,232,-0.00359,-0.00471,0.03183,-1.491,0.1377,0.3040,,-0.00820,0.00118,0.2134,,0.171,0.000,
A9,工程·开通投产,低频,sh000032,上证能源,"[-5,+5]",市场模型,175,232,-0.00945,-0.01154,0.04988,-2.507,0.0131,0.1532,,-0.01700,-0.00217,0.2134,,0.171,0.000,
A9,工程·开通投产,低频,sh000032,上证能源,"[-5,+5]",指数调整,175,232,-0.01225,-0.01127,0.05676,-2.856,0.0048,0.0185,*,-0.02090,-0.00391,0.2134,,0.171,0.000,
A9,工程·开通投产,低频,sh000033,上证材料,"[+1,+20]",市场模型,175,232,-0.00943,-0.00635,0.06464,-1.931,0.0552,0.3667,,-0.01879,0.00005,0.0897,疑似已预期,0.171,0.000,
A9,工程·开通投产,低频,sh000033,上证材料,"[+1,+20]",指数调整,175,232,0.00230,-0.00149,0.05670,0.536,0.5926,0.8062,,-0.00629,0.01063,0.0897,疑似已预期,0.171,0.000,
A9,工程·开通投产,低频,sh000033,上证材料,"[-1,+1]",市场模型,175,232,-0.00250,-0.00118,0.01962,-1.687,0.0934,0.4444,,-0.00548,0.00032,0.0897,疑似已预期,0.171,0.000,
A9,工程·开通投产,低频,sh000033,上证材料,"[-1,+1]",指数调整,175,232,-0.00057,0.00004,0.01869,-0.406,0.6855,0.8514,,-0.00332,0.00219,0.0897,疑似已预期,0.171,0.000,
A9,工程·开通投产,低频,sh000033,上证材料,"[-5,+5]",市场模型,175,232,-0.00658,-0.00142,0.04044,-2.152,0.0328,0.2702,,-0.01244,-0.00080,0.0897,疑似已预期,0.171,0.000,
A9,工程·开通投产,低频,sh000033,上证材料,"[-5,+5]",指数调整,175,232,0.00059,0.00066,0.03529,0.220,0.8260,0.9268,,-0.00470,0.00570,0.0897,疑似已预期,0.171,0.000,
A9,工程·开通投产,低频,sh000034,上证工业,"[+1,+20]",市场模型,175,232,-0.00569,-0.00201,0.03575,-2.105,0.0367,0.2753,,-0.01096,-0.00044,0.0013,疑似已预期,0.171,0.000,
A9,工程·开通投产,低频,sh000034,上证工业,"[+1,+20]",指数调整,175,232,-0.01073,-0.00750,0.03262,-4.351,0.0000,0.0001,***,-0.01551,-0.00592,0.0013,疑似已预期,0.171,0.000,
A9,工程·开通投产,低频,sh000034,上证工业,"[-1,+1]",市场模型,175,232,-0.00142,-0.00212,0.01026,-1.830,0.0690,0.3995,,-0.00290,0.00014,0.0013,疑似已预期,0.171,0.000,
A9,工程·开通投产,低频,sh000034,上证工业,"[-1,+1]",指数调整,175,232,-0.00208,-0.00303,0.01046,-2.629,0.0093,0.0333,*,-0.00361,-0.00054,0.0013,疑似已预期,0.171,0.000,
A9,工程·开通投产,低频,sh000034,上证工业,"[-5,+5]",市场模型,175,232,-0.00457,-0.00596,0.02592,-2.332,0.0209,0.2067,,-0.00818,-0.00076,0.0013,疑似已预期,0.171,0.000,
A9,工程·开通投产,低频,sh000034,上证工业,"[-5,+5]",指数调整,175,232,-0.00748,-0.00846,0.02452,-4.037,0.0001,0.0004,***,-0.01123,-0.00384,0.0013,疑似已预期,0.171,0.000,
A9,工程·开通投产,低频,sh000035,上证金融,"[+1,+20]",市场模型,175,232,-0.00817,-0.01262,0.03794,-2.848,0.0049,0.1060,,-0.01376,-0.00255,0.0000,疑似已预期,0.171,0.000,
A9,工程·开通投产,低频,sh000035,上证金融,"[+1,+20]",指数调整,175,232,-0.01586,-0.01204,0.03732,-5.623,0.0000,0.0000,***,-0.02151,-0.01032,0.0000,疑似已预期,0.171,0.000,
A9,工程·开通投产,低频,sh000035,上证金融,"[-1,+1]",市场模型,175,232,-0.00284,-0.00302,0.01415,-2.659,0.0086,0.1249,,-0.00508,-0.00080,0.0000,疑似已预期,0.171,0.000,
A9,工程·开通投产,低频,sh000035,上证金融,"[-1,+1]",指数调整,175,232,-0.00359,-0.00367,0.01383,-3.435,0.0007,0.0036,**,-0.00559,-0.00153,0.0000,疑似已预期,0.171,0.000,
A9,工程·开通投产,低频,sh000035,上证金融,"[-5,+5]",市场模型,175,232,-0.00561,-0.00437,0.02913,-2.550,0.0116,0.1492,,-0.00988,-0.00152,0.0000,疑似已预期,0.171,0.000,
A9,工程·开通投产,低频,sh000035,上证金融,"[-5,+5]",指数调整,175,232,-0.00938,-0.00640,0.02715,-4.571,0.0000,0.0001,***,-0.01348,-0.00526,0.0000,疑似已预期,0.171,0.000,
A9,工程·开通投产,低频,sh000036,上证消费,"[+1,+20]",市场模型,175,232,-0.00211,-0.00855,0.04499,-0.620,0.5363,0.8016,,-0.00854,0.00459,0.0000,疑似已预期,0.171,0.000,
A9,工程·开通投产,低频,sh000036,上证消费,"[+1,+20]",指数调整,175,232,-0.02002,-0.02565,0.04748,-5.577,0.0000,0.0000,***,-0.02699,-0.01298,0.0000,疑似已预期,0.171,0.000,
A9,工程·开通投产,低频,sh000036,上证消费,"[-1,+1]",市场模型,175,232,-0.00224,-0.00280,0.01666,-1.776,0.0774,0.4116,,-0.00470,0.00024,0.0000,疑似已预期,0.171,0.000,
A9,工程·开通投产,低频,sh000036,上证消费,"[-1,+1]",指数调整,175,232,-0.00418,-0.00569,0.01751,-3.160,0.0019,0.0082,**,-0.00667,-0.00149,0.0000,疑似已预期,0.171,0.000,
A9,工程·开通投产,低频,sh000036,上证消费,"[-5,+5]",市场模型,175,232,-0.00427,-0.00535,0.03029,-1.863,0.0641,0.3867,,-0.00882,0.00032,0.0000,疑似已预期,0.171,0.000,
A9,工程·开通投产,低频,sh000036,上证消费,"[-5,+5]",指数调整,175,232,-0.01337,-0.01428,0.03397,-5.206,0.0000,0.0000,***,-0.01848,-0.00836,0.0000,疑似已预期,0.171,0.000,
A9,工程·开通投产,低频,sh000037,上证医药,"[+1,+20]",市场模型,175,232,0.00766,0.00012,0.05969,1.698,0.0913,0.4379,,-0.00084,0.01663,0.0002,疑似已预期,0.171,0.000,
A9,工程·开通投产,低频,sh000037,上证医药,"[+1,+20]",指数调整,175,232,-0.00641,-0.00404,0.05595,-1.516,0.1314,0.2923,,-0.01472,0.00171,0.0002,疑似已预期,0.171,0.000,
A9,工程·开通投产,低频,sh000037,上证医药,"[-1,+1]",市场模型,175,232,-0.00003,-0.00043,0.01839,-0.021,0.9836,0.9923,,-0.00270,0.00266,0.0002,疑似已预期,0.171,0.000,
A9,工程·开通投产,低频,sh000037,上证医药,"[-1,+1]",指数调整,175,232,-0.00198,-0.00298,0.01806,-1.451,0.1485,0.3159,,-0.00460,0.00076,0.0002,疑似已预期,0.171,0.000,
A9,工程·开通投产,低频,sh000037,上证医药,"[-5,+5]",市场模型,175,232,0.00288,0.00105,0.03831,0.996,0.3206,0.6820,,-0.00260,0.00866,0.0002,疑似已预期,0.171,0.000,
A9,工程·开通投产,低频,sh000037,上证医药,"[-5,+5]",指数调整,175,232,-0.00485,-0.00717,0.03682,-1.744,0.0829,0.2064,,-0.01015,0.00069,0.0002,疑似已预期,0.171,0.000,
A9,工程·开通投产,低频,sh000038,上证信息,"[+1,+20]",市场模型,175,232,-0.00017,-0.00222,0.03641,-0.063,0.9500,0.9821,,-0.00559,0.00531,0.4536,,0.171,0.000,
A9,工程·开通投产,低频,sh000038,上证信息,"[+1,+20]",指数调整,175,232,0.00004,0.00780,0.04003,0.013,0.9898,0.9962,,-0.00617,0.00601,0.4536,,0.171,0.000,
A9,工程·开通投产,低频,sh000038,上证信息,"[-1,+1]",市场模型,175,232,-0.00020,-0.00079,0.01376,-0.196,0.8449,0.9396,,-0.00230,0.00183,0.4536,,0.171,0.000,
A9,工程·开通投产,低频,sh000038,上证信息,"[-1,+1]",指数调整,175,232,-0.00056,-0.00041,0.01634,-0.450,0.6530,0.8252,,-0.00295,0.00189,0.4536,,0.171,0.000,
A9,工程·开通投产,低频,sh000038,上证信息,"[-5,+5]",市场模型,175,232,0.00006,-0.00375,0.03135,0.027,0.9784,0.9923,,-0.00440,0.00474,0.4536,,0.171,0.000,
A9,工程·开通投产,低频,sh000038,上证信息,"[-5,+5]",指数调整,175,232,-0.00147,-0.00051,0.03185,-0.609,0.5430,0.7673,,-0.00614,0.00321,0.4536,,0.171,0.000,
A9,工程·开通投产,低频,sz399808,中证新能,"[+1,+20]",市场模型,175,232,-0.00734,-0.00829,0.06046,-1.606,0.1101,0.4753,,-0.01641,0.00149,0.1846,,0.171,0.000,
A9,工程·开通投产,低频,sz399808,中证新能,"[+1,+20]",指数调整,175,232,-0.00676,0.00062,0.05942,-1.504,0.1343,0.2976,,-0.01583,0.00203,0.1846,,0.171,0.000,
A9,工程·开通投产,低频,sz399808,中证新能,"[-1,+1]",市场模型,175,232,-0.00123,-0.00086,0.02217,-0.736,0.4628,0.7679,,-0.00435,0.00207,0.1846,,0.171,0.000,
A9,工程·开通投产,低频,sz399808,中证新能,"[-1,+1]",指数调整,175,232,-0.00082,-0.00175,0.02318,-0.466,0.6417,0.8252,,-0.00415,0.00266,0.1846,,0.171,0.000,
A9,工程·开通投产,低频,sz399808,中证新能,"[-5,+5]",市场模型,175,232,-0.00551,-0.00978,0.04063,-1.795,0.0743,0.4056,,-0.01153,0.00045,0.1846,,0.171,0.000,
A9,工程·开通投产,低频,sz399808,中证新能,"[-5,+5]",指数调整,175,232,-0.00411,-0.00223,0.04025,-1.350,0.1787,0.3581,,-0.01004,0.00174,0.1846,,0.171,0.000,
A9,工程·开通投产,低频,sz399967,中证军工,"[+1,+20]",市场模型,175,232,0.00739,0.00058,0.07406,1.320,0.1885,0.5894,,-0.00379,0.01812,0.3058,,0.171,0.000,
A9,工程·开通投产,低频,sz399967,中证军工,"[+1,+20]",指数调整,175,232,0.00732,0.00123,0.06739,1.437,0.1525,0.3209,,-0.00256,0.01754,0.3058,,0.171,0.000,
A9,工程·开通投产,低频,sz399967,中证军工,"[-1,+1]",市场模型,175,232,0.00124,0.00114,0.02491,0.660,0.5100,0.7842,,-0.00241,0.00502,0.3058,,0.171,0.000,
A9,工程·开通投产,低频,sz399967,中证军工,"[-1,+1]",指数调整,175,232,0.00152,0.00081,0.02473,0.814,0.4168,0.6485,,-0.00212,0.00534,0.3058,,0.171,0.000,
A9,工程·开通投产,低频,sz399967,中证军工,"[-5,+5]",市场模型,175,232,0.00158,0.00574,0.04762,0.439,0.6609,0.8498,,-0.00525,0.00844,0.3058,,0.171,0.000,
A9,工程·开通投产,低频,sz399967,中证军工,"[-5,+5]",指数调整,175,232,0.00279,0.00498,0.04421,0.835,0.4046,0.6397,,-0.00367,0.00930,0.3058,,0.171,0.000,
A9,工程·开通投产,低频,sz399975,中证证券,"[+1,+20]",市场模型,175,232,0.00365,-0.00277,0.05339,0.906,0.3664,0.7098,,-0.00428,0.01135,0.2180,,0.171,0.000,
A9,工程·开通投产,低频,sz399975,中证证券,"[+1,+20]",指数调整,175,232,0.00008,-0.00615,0.04982,0.022,0.9824,0.9946,,-0.00729,0.00733,0.2180,,0.171,0.000,
A9,工程·开通投产,低频,sz399975,中证证券,"[-1,+1]",市场模型,175,232,0.00048,-0.00148,0.01786,0.357,0.7213,0.8718,,-0.00223,0.00309,0.2180,,0.171,0.000,
A9,工程·开通投产,低频,sz399975,中证证券,"[-1,+1]",指数调整,175,232,0.00038,-0.00249,0.02094,0.240,0.8109,0.9193,,-0.00260,0.00364,0.2180,,0.171,0.000,
A9,工程·开通投产,低频,sz399975,中证证券,"[-5,+5]",市场模型,175,232,0.00276,-0.00434,0.03755,0.973,0.3319,0.6884,,-0.00279,0.00820,0.2180,,0.171,0.000,
A9,工程·开通投产,低频,sz399975,中证证券,"[-5,+5]",指数调整,175,232,0.00238,-0.00334,0.03961,0.794,0.4284,0.6631,,-0.00327,0.00841,0.2180,,0.171,0.000,
A9,工程·开通投产,低频,sz399986,中证银行,"[+1,+20]",市场模型,175,232,-0.00219,-0.00100,0.04047,-0.716,0.4752,0.7743,,-0.00807,0.00367,0.5093,,0.171,0.000,
A9,工程·开通投产,低频,sz399986,中证银行,"[+1,+20]",指数调整,175,232,-0.00190,0.00276,0.05081,-0.494,0.6220,0.8177,,-0.00943,0.00545,0.5093,,0.171,0.000,
A9,工程·开通投产,低频,sz399986,中证银行,"[-1,+1]",市场模型,175,232,-0.00072,-0.00062,0.01638,-0.578,0.5642,0.8134,,-0.00310,0.00173,0.5093,,0.171,0.000,
A9,工程·开通投产,低频,sz399986,中证银行,"[-1,+1]",指数调整,175,232,-0.00143,-0.00049,0.02243,-0.845,0.3993,0.6349,,-0.00473,0.00188,0.5093,,0.171,0.000,
A9,工程·开通投产,低频,sz399986,中证银行,"[-5,+5]",市场模型,175,232,-0.00174,0.00176,0.03953,-0.581,0.5621,0.8134,,-0.00759,0.00395,0.5093,,0.171,0.000,
A9,工程·开通投产,低频,sz399986,中证银行,"[-5,+5]",指数调整,175,232,-0.00473,-0.00513,0.04264,-1.469,0.1437,0.3116,,-0.01120,0.00135,0.5093,,0.171,0.000,
A9,工程·开通投产,低频,sz399997,中证白酒,"[+1,+20]",市场模型,175,232,-0.00471,-0.01838,0.05673,-1.098,0.2739,0.6412,,-0.01275,0.00376,0.0000,疑似已预期,0.171,0.000,
A9,工程·开通投产,低频,sz399997,中证白酒,"[+1,+20]",指数调整,175,232,-0.03532,-0.04122,0.05814,-8.037,0.0000,0.0000,***,-0.04398,-0.02671,0.0000,疑似已预期,0.171,0.000,
A9,工程·开通投产,低频,sz399997,中证白酒,"[-1,+1]",市场模型,175,232,-0.00193,-0.00589,0.02283,-1.120,0.2641,0.6363,,-0.00524,0.00152,0.0000,疑似已预期,0.171,0.000,
A9,工程·开通投产,低频,sz399997,中证白酒,"[-1,+1]",指数调整,175,232,-0.00544,-0.00888,0.02416,-2.981,0.0033,0.0134,*,-0.00890,-0.00191,0.0000,疑似已预期,0.171,0.000,
A9,工程·开通投产,低频,sz399997,中证白酒,"[-5,+5]",市场模型,175,232,-0.00692,-0.00704,0.03918,-2.338,0.0205,0.2067,,-0.01250,-0.00114,0.0000,疑似已预期,0.171,0.000,
A9,工程·开通投产,低频,sz399997,中证白酒,"[-5,+5]",指数调整,175,232,-0.02194,-0.02531,0.04327,-6.708,0.0000,0.0000,***,-0.02829,-0.01563,0.0000,疑似已预期,0.171,0.000,
